,plot,Pass,Range,Rep,New_Pedigree,Old_Pedigree,Old_Source,Shared,RPlant.L2.End.Angle,RPlant.L2.End.Length,RPlant.L2.Mid.Angle,RPlant.L2.Mid.Length,RPlant.L2.Stem.Angle,A1,N1,A2,N2,a,b,c,d,length,curled
1,MIH119_1002,4,2,1,2369/LH123HT,2369/LH123HT,,1.0,75,43.0,43.0,48.0,15.0,0.00018740871166383246,3.4801936802902214,-1.2197092024299325,1.369629302663416,32.735921282999925,41.53481053042994,35.104977677720186,11.129218939408393,79.22055306609397,0.0
2,MIH119_1003,5,2,1,B37/H95,B73/PHN82,,,43,46.0,33.0,65.0,27.0,0.5783931533806084,1.2745341647642496,0.0,0.0,35.401537275976764,31.37192456287493,54.51358691645255,33.64227027448184,114.4704147012194,1.0
3,MIH119_1004,6,2,1,B37/H95,B14A/H95,,,85,69.0,48.0,49.0,33.0,0.07008648369884325,1.7101932999594782,-0.04182545866293174,1.8590505527805936,36.41409644839232,68.73743416833044,32.78739971158405,6.013746249588413,93.84306474787026,0.0
5,MIH119_1006,8,2,1,B37/H95,B37/H95,,1.0,40,72.0,40.0,72.0,30.0,0.20948619566962534,1.4533631938113547,0.0,0.0,46.28070789743084,46.28070789743084,55.155199904566416,55.155199904566416,127.9886601112146,1.0
6,MIH119_1007,9,2,1,B37/H95,B73/MO17,,,55,50.0,35.0,59.0,15.0,0.0048692245752282644,2.613210108441364,-1.3851624083691276,1.3515487033464508,33.84100974471173,40.95760221444959,48.32997061305051,28.678821817552304,84.59212628230718,0.0
9,MIH119_1010,12,2,1,B37/H95,B37/H95,,1.0,80,51.0,45.0,50.0,23.0,0.007952865104374672,2.3558523658237536,-0.7472790384156971,1.3219673744517377,35.35533905932738,50.22519540362261,35.35533905932737,8.856057061013447,83.84438230258144,0.0
11,MIH119_1012,14,2,1,B37/H95,B14A/H95,,,48,57.0,32.0,71.0,14.0,0.006779826847174837,2.5062140825888313,-1.1277001829911868,1.9126192560352884,37.62426776055755,42.35925505221147,60.211414827106246,38.14044456245492,98.86166978419757,0.0
12,MIH119_1013,15,2,1,B37/MO17,B37/MO17,,1.0,57,60.0,40.0,69.0,24.0,0.041614431807819326,1.884648628593635,-1.2649510534205417,1.5503839111997917,44.352345068371214,50.32023407672544,52.85706657520948,32.67834210090162,93.02513548956802,0.0
13,MIH119_1014,16,2,1,B37/MO17,B14A/MO17,,,55,89.0,25.0,78.0,25.0,2.1445069205095586,1.0,-2.0445787604183313e-06,4.36029088418078,32.96422441577456,72.90453194172026,70.6920073888587,51.0483028352431,126.52350911549871,0.0
15,MIH119_1016,18,2,1,B37/MO17,B14A/MO17,,,70,54.0,35.0,56.0,30.0,0.6825556447652609,1.2127950320219432,-0.5544265260997945,1.3337723576030773,32.120280435658586,50.74340152243906,45.87251448018354,18.46908773958611,89.66817550326378,0.0
17,MIH119_1018,20,2,1,B37/OH43,B14A/OH43,,,75,51.0,40.0,54.0,25.0,0.06992895981575174,1.7994549660566952,-0.8786827025519881,1.2949398402991925,34.71053092307312,49.262217140742486,41.36639992842481,13.199771300228559,87.80843253986563,0.0
18,MIH119_1019,21,2,1,B37/OH43,B37/OH43,,1.0,75,58.0,45.0,58.0,35.0,0.2039081177904972,1.4281480067421146,-0.7752768466314007,1.2967499360233985,41.01219330881976,56.02369792476596,41.012193308819754,15.011504615946203,89.05041416115935,0.0
20,MIH119_1021,23,2,1,CG119/CG108,CG119/CG108,,1.0,60,57.0,35.0,63.0,25.0,0.23621895265499077,1.5015999114836838,-0.5681349083863242,1.4349409468033951,36.13531549011591,49.363448015713004,51.606578790206484,28.499999999999996,91.08280045436587,0.0
21,MIH119_1022,24,2,1,CG119/CG108,LOCAL CHECK = LG5499VT2RIB,,,80,53.0,35.0,44.0,30.0,0.7184974397095653,1.212795032021943,-0.08706799565259983,1.7396729990005186,25.23736319944603,52.194810909647025,36.04268994871564,9.203353416347307,83.41278448388564,0.0
22,MIH119_1023,25,2,1,CG119/CG108,LOCAL CHECK = LG5499VT2RIB,,,75,53.0,40.0,52.0,25.0,0.07207098669158735,1.7994549660566956,-0.3922753934942945,1.4590546191167433,33.42495570370005,51.19406879332062,39.834311042186854,13.717409390433598,85.91414634692626,0.0
23,MIH119_1024,26,2,1,CG119/CG108,CG119/CG108,,1.0,50,40.0,25.0,48.0,25.0,2.1445069205095586,1.0,-0.5875134827530882,1.4590174543500192,20.285676563553572,30.64177772475912,43.502773777759195,25.71150438746157,68.87567400345462,0.0
24,MIH119_1025,27,2,1,CG44/CGR01,CG44/CGR01,,1.0,85,35.0,45.0,46.0,25.0,0.018587783746040754,2.1445069205095586,-5.291088237012372,2.020408608908184,32.526911934581186,34.8668144332111,32.526911934581186,3.0504509961680357,78.15027202904595,0.0
25,MIH119_1026,28,2,1,CG44/CGR01,CG44/CGR01,,1.0,75,56.0,45.0,55.0,30.0,0.06857261530181327,1.7320508075688772,-0.5412379023829426,1.3994317348374319,38.890872965260115,54.09184627218782,38.89087296526011,14.493866525741161,85.77859090023671,0.0
26,MIH119_1027,29,2,1,CGR01/CG44,PHW52/PHN82,,,125,57.0,60.0,46.0,40.0,0.011440577840906031,2.0641777724759125,-3.71363737694017,1.406748867512624,39.83716857408418,46.69166652447253,22.999999999999996,-32.693856872009626,103.74511160381434,0.0
27,MIH119_1028,30,2,1,CGR01/CG44,PHW52/PHN82,,,70,64.0,35.0,35.0,35.0,1.428148006742115,0.9999999999999999,-3.361199641913816e-08,5.181540765040287,20.075175272286614,60.14032773029814,28.670321550114714,21.889289172842798,76.5757694012425,0.0
30,MIH119_1031,28,3,1,F42/OH43,F42/MO17,,,60,51.0,40.0,54.0,25.0,0.06992895981575174,1.7994549660566952,-0.898058932923093,1.2781788793795716,34.71053092307312,44.16729559300637,41.36639992842481,25.499999999999996,74.49733709098952,0.0
32,MIH119_1033,26,3,1,F42/OH43,F42/H95,,,70,45.0,35.0,42.0,20.0,0.07554796998207094,1.923804400163087,-0.009250257112726883,2.629344244456384,24.09021032674394,42.28616793536588,34.40438586013766,15.390906449655093,72.1340909588488,0.0
33,MIH119_1034,25,3,1,F42/OH43,F42/OH43,,1.0,70,61.0,35.0,62.0,20.0,0.052719138723582006,1.923804400163087,-0.06362288647440076,1.9978401631425238,35.56173905376486,57.321249867940416,50.78742674591749,20.863228742865793,103.2807723309771,0.0
34,MIH119_1035,24,3,1,H95/B14A,PHG39/PHN82,,,70,44.0,40.0,49.0,25.0,0.07557744621430453,1.7994549660566952,-1.125726593878784,1.3091036621921812,31.496592874640427,41.34647531457997,37.536177712829925,15.048886306329424,75.42242848102856,0.0
35,MIH119_1036,23,3,1,H95/B14A,PHG39/PHN82,,,60,58.0,40.0,59.0,20.0,0.010352695352626017,2.305407289332278,-0.08591366993582136,2.087331640296894,37.924468971505824,50.229473419497445,45.196622144019706,28.999999999999996,84.13548468419913,0.0
36,MIH119_1037,22,3,1,Mo44/PHT69,Mo44/PHT69,,,70,57.0,40.0,52.0,30.0,0.2427889103663997,1.4533631938113547,-0.11806461687110979,1.7148795342618532,33.42495570370005,53.56247938479678,39.834311042186854,19.495148169563116,82.30003118463583,0.0
37,MIH119_1038,21,3,1,Mo44/PHT69,Mo44/PHT69,,1.0,80,62.0,45.0,58.0,30.0,0.06595773582857792,1.732050807568877,-0.6124466587382732,1.3007426097311323,41.01219330881976,61.058080686756895,41.012193308819754,10.766187015349681,96.34761477218214,0.0
38,MIH119_1039,20,3,1,Mo44_PHW65_0001/PHT69,Mo44_PHW65_0001/PHT69,WIPV17/30001,1.0,45,57.0,20.0,61.0,20.0,2.7474774194546216,1.0,-0.0015322776151309669,3.13913684228493,20.863228742865797,40.305086527633215,57.32124986794041,40.30508652763321,89.31458523704353,0.0
39,MIH119_1040,19,3,1,Mo44_PHW65_0009/PHT69,Mo44_PHW65_0009/PHT69,WIPV17/30602,1.0,65,45.0,40.0,53.0,25.0,0.07098179143713522,1.7994549660566954,-1.3280162165259972,1.4639986261798903,34.067743313386586,40.783850416649244,40.60035548530583,19.017821778331474,77.65136525624214,0.0
40,MIH119_1041,18,3,1,Mo44_PHW65_0011/PHT69,Mo44_PHW65_0010/PHT69,WIPV17/30603,,75,51.0,40.0,53.0,25.0,0.07098179143713522,1.7994549660566954,-0.6241430446142014,1.3899429730754422,34.067743313386586,49.262217140742486,40.60035548530583,13.199771300228559,86.53560616059738,0.0
42,MIH119_1043,16,3,1,Mo44_PHW65_0012/PHT69,Mo44_PHW65_0037/PHT69,WIPV17/30620,,65,43.0,25.0,53.0,25.0,2.144506920509557,1.0000000000000002,-0.6010131062130848,1.3910520279455707,22.39876787225707,38.971234842575946,48.034312712942445,18.172585254850077,87.50968850983962,0.0
43,MIH119_1044,15,3,1,Mo44_PHW65_0015/PHT69,Mo44_PHW65_0015/PHT69,WIPV17/30606,1.0,80,46.0,35.0,42.0,30.0,0.7256453307695893,1.212795032021943,-0.37755785343694775,1.3907345701332756,24.09021032674394,45.30115663856157,34.40438586013766,7.987816172678795,76.47511640258861,0.0
45,MIH119_1046,13,3,1,Mo44_PHW65_0017/PHT69,Mo44_PHW65_0017/PHT69,WIPV17/30607,1.0,75,51.0,45.0,57.0,25.0,0.01454301770344096,2.144506920509559,-0.8968920982413903,1.5546761225030783,40.305086527633215,49.262217140742486,40.30508652763321,13.199771300228559,88.91671481556733,0.0
46,MIH119_1047,12,3,1,Mo44_PHW65_0020/PHT69,Mo44_PHW65_0020/PHT69,WIPV17/30608,1.0,65,65.0,30.0,57.0,25.0,0.7800384730759606,1.2381316478352096,-0.0008371063247077127,2.9787462292436233,28.500000000000007,58.91000615738225,49.363448015713,27.470187013145463,97.72893735284917,0.0
47,MIH119_1048,11,3,1,Mo44_PHW65_0024/PHT69,Mo44_PHW65_0024/PHT69,WIPV17/30610,1.0,55,47.0,20.0,63.0,20.0,2.7474774194546216,1.0,-0.5403331162293081,1.4446021665139046,21.547269029517135,38.50014608158261,59.20063510951223,26.958092508499163,99.88019221043928,0.0
49,MIH119_1050,9,3,1,Mo44_PHW65_0029/PHT69,Mo44_PHW65_0029/PHT69,WIPV17/30014,1.0,80,63.0,55.0,54.0,30.0,0.0026302461187254233,2.4736249084055615,-0.2377593277015498,1.5397137238080645,44.23421039160556,62.04288843976911,30.973127562956485,10.939835193016611,84.51336629060151,0.0
50,MIH119_1051,8,3,1,Mo44_PHW65_0031/PHT69,Mo44_PHW65_0031/PHT69,WIPV17/30015,1.0,65,45.0,45.0,54.0,25.0,0.015471371319153226,2.144506920509559,-4.987171182511707,1.408900423869261,38.18376618407357,40.783850416649244,38.18376618407356,19.017821778331474,76.26445834845762,0.0
51,MIH119_1052,7,3,1,Mo44_PHW65_0033/PHT69,Mo44_PHW65_0033/PHT69,WIPV17/30616,1.0,75,49.0,40.0,49.0,30.0,0.24941864151210558,1.4533631938113545,-0.7861976769978087,1.250320786605692,31.496592874640427,47.33036548816435,37.536177712829925,12.682133210023515,79.39913267148386,0.0
52,MIH119_1053,6,3,1,Mo44_PHW65_0033/PHT69,Mo44_PHW65_0036/PHT69,WIPV17/30019,,80,52.0,45.0,46.0,40.0,0.5128873690132264,1.19175359259421,-0.41686239834480254,1.37718766565927,32.526911934581186,51.21000315663482,32.526911934581186,9.029705238680377,76.54185058967444,0.0
53,MIH119_1054,5,3,1,Mo44_PHW65_0034/PHT69,Mo44_PHW65_0034/PHT69,WIPV17/30017,1.0,50,42.0,30.0,49.0,25.0,0.8086418588615828,1.2381316478352096,-0.7478735533755451,1.4855890891858754,24.500000000000007,32.173866610997074,42.43524478543749,26.99707960683465,66.69792159241214,0.0
54,MIH119_1055,4,3,1,Mo44_PHW65_0035/PHT69,Mo44_PHW65_0035/PHT69,WIPV17/30618,1.0,75,55.0,45.0,51.0,30.0,0.07246970597905143,1.7320508075688767,-0.468547870234425,1.3540232547602935,36.062445840513924,53.12592044589876,36.062445840513924,14.235047480638642,80.57064553199439,0.0
56,MIH119_1057,3,4,1,Mo44_PHW65_0050/PHT69,Mo44_PHW65_0050/PHT69,WIPV17/30623,1.0,85,56.0,47.0,43.0,22.0,0.003106877757977283,2.6542056961970824,-0.00937428652927751,2.4643022727970143,31.44820916962433,55.78690309313775,29.325929482687435,4.8807215938688575,83.24044288457613,0.0
57,MIH119_1058,4,4,1,Mo44_PHW65_0056/PHT69,Mo44_PHW65_0056/PHT69,WIPV17/30625,1.0,60,47.0,35.0,48.0,25.0,0.2707405732283502,1.5015999114836842,-0.15848979625580806,1.785567625201864,27.531668944850217,40.70319397786862,39.319298125871605,23.499999999999996,70.14939039977533,0.0
58,MIH119_1059,5,4,1,Mo44_PHW65_0060/PHT69,Mo44_PHW65_0060/PHT69,WIPV17/30626,1.0,62,51.0,30.0,52.0,15.0,0.0402429807266154,2.1547005383792524,-0.001036351038651637,3.3675312724165867,26.000000000000007,45.030327235805274,45.033320996790806,23.94304970208043,86.19566207335266,0.0
59,MIH119_1060,6,4,1,Mo44_PHW65_0063/PHT69,Mo44_PHW65_0063/PHT69,WIPV17/30627,1.0,30,42.0,18.0,55.0,10.0,0.2827472871126535,1.84271116608139,-2.2067886663467444,1.4250469873583784,16.99593469062211,21.000000000000004,52.30810839623344,36.373066958946424,72.66043735862061,0.0
60,MIH119_1061,7,4,1,Mo44_PHW65_0067/PHT69,Mo44_PHW65_0067/PHT69,WIPV17/30629,1.0,60,71.0,40.0,68.0,28.0,0.13419661120211424,1.5781168834174566,-0.0502298777880987,2.0153079110139664,43.70955745868468,61.48780366869515,52.09102213209051,35.49999999999999,94.96859048880663,0.0
61,MIH119_1062,8,4,1,Mo44_PHW65_0069/PHT69,Mo44_PHW65_0069/PHT69,WIPV17/30631,1.0,68,61.0,40.0,42.0,20.0,0.016133741806655867,2.3054072893322783,-1.1289587230322083e-07,5.382986099496347,26.997079606834653,56.558215128574034,32.173866610997074,22.851002198370633,77.6701051661561,0.0
62,MIH119_1063,9,4,1,Mo44_PHW65_0073/PHT69,Mo44_PHW65_0073/PHT69,WIPV17/30632,1.0,62,62.0,44.0,63.0,30.0,0.08152951595199787,1.6726220222647923,-0.6709255781121395,1.3292092212349835,43.763477338916836,54.742750757253475,45.31840742133502,29.10723689272523,84.5008326652617,0.0
63,MIH119_1064,10,4,1,Mo44_PHW65_0074/PHT69,Mo44_PHW65_0068/PHT69,WIPV17/30030,,65,59.0,40.0,54.0,21.0,0.017754496928799178,2.1859292733685347,-0.002681796244290705,2.9744366987584994,34.71053092307312,53.47215943516235,41.36639992842481,24.93447744270127,84.25346734841824,0.0
64,MIH119_1065,11,4,1,Mo44_PHW65_0084/PHT69,Mo44_PHW65_0080/PHT69,WIPV17/30634,,55,63.0,35.0,64.0,22.0,0.1017839593773068,1.7330744724858405,-0.03602452570615587,2.263482429591709,36.708891926466954,51.606578790206484,52.425730834495475,36.1353154901159,89.3861414978806,0.0
65,MIH119_1066,12,4,1,Mo44_PHW65_0084/PHT69,Mo44_PHW65_0083/PHT69,WIPV17/30635,,55,57.0,35.0,59.0,20.0,0.055190808443526716,1.9238044001630872,-0.04899331456669878,2.258034823249111,33.84100974471173,46.69166652447253,48.32997061305051,32.693856872009626,82.92592843920986,0.0
66,MIH119_1067,13,4,1,Mo44_PHW65_0084/PHT69,Mo44_PHW65_0084/PHT69,WIPV17/30636,1.0,88,58.0,50.0,56.0,25.0,0.00242205847991411,2.5557238268604126,-0.9326901330957714,1.3254488634986017,42.89848881466277,57.96466796710755,35.996106142446195,2.024170808745056,97.28590166950127,0.0
67,MIH119_1068,14,4,1,Mo44_PHW65_0084/PHT69,Mo44_PHW65_0242/PHT69,WIPV17/30105,,80,58.0,40.0,52.0,25.0,0.07207098669158735,1.7994549660566956,-0.13392320921207232,1.7072272011585898,33.42495570370005,57.118849674708066,39.834311042186854,10.071594304681959,93.02628664795466,0.0
68,MIH119_1069,15,4,1,Mo44_PHW65_0092/PHT69,Mo44_PHW65_0092/PHT69,WIPV17/30637,1.0,65,60.0,35.0,58.0,30.0,0.6774778076656656,1.2127950320219432,-0.14431254951685307,1.6505299611727675,33.26743330836068,54.378467222199,47.51081856876152,25.357095704441967,89.65756822898963,0.0
69,MIH119_1070,16,4,1,Mo44_PHW65_0093/PHT69,Mo44_PHW65_0093/PHT69,WIPV17/30038,1.0,75,62.0,45.0,53.0,35.0,0.21193243093789202,1.4281480067421146,-0.20610682340857286,1.4935155190351252,37.47665940288702,59.88740122992223,37.476659402887016,16.046780796356288,85.30357391801425,0.0
70,MIH119_1071,17,4,1,Mo44_PHW65_0098/PHT69,Mo44_PHW65_0098/PHT69,WIPV17/30639,1.0,70,59.0,40.0,63.0,21.0,0.014788162478783715,2.185929273368535,-0.660519047706044,1.3865407982661266,40.49561941025198,55.4418646263686,48.260799916495614,20.179188456214455,98.72868934286717,0.0
71,MIH119_1072,18,4,1,Mo44_PHW65_0099/PHT69,Mo44_PHW65_0099/PHT69,WIPV17/30640,1.0,81,51.0,47.0,48.0,30.0,0.04412261449952859,1.8573970902098464,-0.5677515917073549,1.3850415098359588,35.104977677720186,50.372105370352024,32.735921282999925,7.978157717051774,79.18222891455788,0.0
72,MIH119_1073,19,4,1,Mo44_PHW65_0104/PHT69,Mo44_PHW65_0104/PHT69,WIPV17/30643,1.0,60,58.0,40.0,62.0,30.0,0.22418016349357978,1.4533631938113547,-0.9697420187155761,1.260158248607066,39.85283180056544,50.229473419497445,47.494755473376635,28.999999999999996,84.29542604238152,0.0
73,MIH119_1074,20,4,1,Mo44_PHW65_0105/PHT69,Mo44_PHW65_0105/PHT69,WIPV17/30644,1.0,70,54.0,42.0,54.0,30.0,0.14922580924337273,1.5595455520643564,-0.6221546845568855,1.3237975012076448,36.13305274337834,50.74340152243906,40.129820575779284,18.46908773958611,81.51974540490085,0.0
75,MIH119_1076,22,4,1,Mo44_PHW65_0110/PHT69,Mo44_PHW65_0110/PHT69,WIPV17/30645,1.0,65,57.0,40.0,55.5,25.0,0.06841387267678335,1.7994549660566956,-0.10619279151196573,1.8603691516641863,35.674712337602934,51.65954386108905,42.51546659310328,24.08924091921987,82.80902373116758,0.0
76,MIH119_1077,23,4,1,Mo44_PHW65_0113/PHT69,Mo44_PHW65_0113/PHT69,WIPV17/30647,1.0,72,55.0,39.0,51.0,23.0,0.052989003952103264,1.9077316304087586,-0.040603933988577076,2.1034202233111254,32.09533994354171,52.30810839623344,39.63444403430551,16.995934690622107,85.06368260961126,0.0
77,MIH119_1078,24,4,1,Mo44_PHW65_0115/PHT69,Mo44_PHW65_0115/PHT69,WIPV17/30648,1.0,65,64.0,40.0,65.0,30.0,0.2194286913339751,1.4533631938113545,-0.46024872568522746,1.3997805348654435,41.781194629625055,58.003698370345596,49.79288880273357,27.047568751404764,94.31283441402854,0.0
78,MIH119_1079,25,4,1,Mo44_PHW65_0116/PHT69,Mo44_PHW65_0116/PHT69,WIPV17/30649,1.0,80,51.0,40.0,52.0,30.0,0.2427889103663997,1.4533631938113547,-0.5753465429410815,1.412801404272209,33.42495570370005,50.22519540362261,39.834311042186854,8.856057061013447,88.45808845847327,0.0
79,MIH119_1080,26,4,1,Mo44_PHW65_0118/PHT69,Mo44_PHW65_0118/PHT69,WIPV17/30050,1.0,57,59.0,45.0,63.5,25.0,0.012852228904607998,2.144506920509559,-1.7237327651918621,1.3158551898799211,44.90128060534577,49.48156350878002,44.90128060534576,32.13370306588659,80.52762233454175,0.0
80,MIH119_1081,27,4,1,Mo44_PHW65_0120/PHT69,Mo44_PHW65_0120/PHT69,WIPV17/30651,1.0,80,52.0,55.0,53.0,28.0,0.00121405272245375,2.6859557527115063,-1.4611806920383101,1.306436895513604,43.41505834731657,51.21000315663482,30.39955112660544,9.029705238680377,79.40733406293998,0.0
84,MIH119_1085,30,5,1,Mo44_PHW65_0134/PHT69,Mo44_PHW65_0111/PHT69,WIPV17/30646,,80,59.0,45.0,52.0,28.0,0.04180545770628993,1.8807264653463323,-0.2589039077743919,1.512710992759289,36.76955262170048,58.10365742772027,36.76955262170047,10.245242482348889,88.72172111774681,0.0
85,MIH119_1086,29,5,1,Mo44_PHW65_0136/PHT69,Mo44_PHW65_0136/PHT69,WIPV17/30656,1.0,65,53.0,30.0,51.0,20.0,0.2593981313100142,1.5862568277145448,-0.0030914655455167687,2.8441296598448815,25.500000000000007,48.034312712942445,44.167295593006365,22.39876787225707,86.09810801915764,0.0
88,MIH119_1089,26,5,1,Mo44_PHW65_0144/PHT69,Mo44_PHW65_0144/PHT69,WIPV17/30659,1.0,85,55.0,50.0,49.0,28.0,0.009318590985930988,2.2413625217635014,-0.5066881942645376,1.3920408467536043,37.536177712829925,54.790708395046,31.496592874640424,4.793565851121199,83.8410245528697,0.0
89,MIH119_1090,25,5,1,Mo44_PHW65_0150/PHT69,Mo44_PHW65_0150/PHT69,WIPV17/30662,1.0,70,62.0,45.0,60.0,23.0,0.006211057306252436,2.3558523658237536,-0.1652078417151541,1.757860161196301,42.42640687119285,58.26094248872632,42.426406871192846,21.20524888619146,91.2152673328644,0.0
90,MIH119_1091,24,5,1,Mo44_PHW65_0151/PHT69,Mo44_PHW65_0147/PHT69,WIPV17/30661,,70,56.0,50.0,59.0,20.0,0.00014440405249616803,3.274316085206515,-1.2898351445093579,1.3355631692502163,45.196622144019706,52.62278676401087,37.92446897150582,19.153128026237447,85.15847034277203,0.0
91,MIH119_1092,23,5,1,Mo44_PHW65_0151/PHT69,Mo44_PHW65_0151/PHT69,WIPV17/30663,1.0,80,68.0,55.0,45.0,32.0,0.006782178007089307,2.2855145677705573,-0.00011450206042907422,3.440596787712842,36.86184199300463,66.96692720483014,25.810939635797073,11.808076081351263,82.60452769971369,0.0
92,MIH119_1093,22,5,1,Mo44_PHW65_0154/PHT69,Mo44_PHW65_0154/PHT69,WIPV17/30664,1.0,75,56.0,45.0,53.5,25.0,0.01563696960711689,2.1445069205095586,-0.36149548672670223,1.4943721323713803,37.83021279348029,54.09184627218782,37.83021279348029,14.493866525741161,85.3023733361568,0.0
93,MIH119_1094,21,5,1,Mo44_PHW65_0155/PHT69,Mo44_PHW65_0155/PHT69,WIPV17/30665,1.0,85,63.0,55.0,51.5,20.0,1.2403449213312908e-05,3.9238044001630867,-0.01968312100301945,2.350529901359493,42.18633028088308,62.760265979779966,29.53918647207887,5.4908117931024645,90.89268742203649,0.0
95,MIH119_1096,19,5,1,Mo44_PHW65_0159/PHT69,Mo44_PHW65_0159/PHT69,WIPV17/30667,1.0,80,58.0,50.0,48.0,25.0,0.00307847294103747,2.5557238268604126,-0.037158542670795866,2.0997748140187165,36.770133269710946,57.118849674708066,30.853805264953884,10.071594304681959,81.91933806652405,0.0
96,MIH119_1097,18,5,1,Mo44_PHW65_0163/PHT69,Mo44_PHW65_0164/PHT69,WIPV17/30670,,88,45.0,52.0,44.0,33.0,0.02497935206339602,1.970937275141773,-0.93691971770853,1.4169583081169255,34.672473158695766,44.972587215859306,27.089104914328964,1.5704773516125436,73.48973343150799,0.0
98,MIH119_1099,16,5,1,Mo44_PHW65_0165/PHT69,Mo44_PHW65_0165/PHT69,WIPV17/30671,1.0,59,57.0,43.0,62.0,24.0,0.01780555261565416,2.094463175685645,-1.3503718662949418,1.3123169293837358,42.28389832387491,48.858536140020405,45.34392950038857,29.357170269873087,82.58108050490378,0.0
99,MIH119_1100,15,5,1,Mo44_PHW65_0167/PHT69,Mo44_PHW65_0174/PHT69,WIPV17/30676,,66,58.0,48.0,64.0,23.0,0.0017508920638314952,2.616439120573822,-1.1470534731188227,1.6674326081066386,47.56126883055323,52.98563654327085,42.82435880696693,23.590725298396407,89.007129970872,0.0
100,MIH119_1101,14,5,1,Mo44_PHW65_0168/PHT69,Mo44_PHW65_0168/PHT69,WIPV17/30674,1.0,83,55.0,59.0,53.0,39.0,0.01071331374744607,2.055214000434282,-1.1026014382825615,1.3216776164401747,45.429866937211955,54.590038340272706,27.29701797023287,6.702813887283111,77.52985747321604,0.0
102,MIH119_1103,12,5,1,Mo44_PHW65_0171/PHT69,Mo44_PHW65_0171/PHT69,WIPV17/30675,1.0,73,55.0,52.0,51.0,25.0,0.001241372230688996,2.7448436880863576,-0.19289511489917735,1.7371061903366913,40.18854843394282,52.59676157796696,31.398735241608573,16.08044375975052,75.1588260657418,0.0
104,MIH119_1105,10,5,1,Mo44_PHW65_0177/PHT69,Mo44_PHW65_0177/PHT69,WIPV17/30679,1.0,70,52.0,46.0,57.0,27.0,0.020886500741854237,2.0323426726144174,-1.2063680731699056,1.4038708240550957,41.00236861930312,48.86401628086724,39.59552711616284,17.785047452934773,83.03032408001106,0.0
105,MIH119_1106,9,5,1,Mo44_PHW65_0178/PHT69,Mo44_PHW65_0178/PHT69,WIPV17/30680,1.0,52,69.0,47.0,60.0,30.0,0.0364393713232576,1.8573970902098462,0.0,0.0,43.88122209715023,54.37274199886381,40.919901603749906,42.48064179747042,108.88694029276067,1.0
106,MIH119_1107,8,5,1,Mo44_PHW65_0179/PHT69,Mo44_PHW65_0179/PHT69,WIPV17/30681,1.0,86,54.0,50.0,49.0,24.0,0.0019226395784751166,2.6767223943990577,-0.6890330035593174,1.3228720995917485,37.536177712829925,53.86845871403051,31.496592874640424,3.7668495821827666,85.10749101416151,0.0
107,MIH119_1108,7,5,1,Mo44_PHW65_0180/PHT69,Mo44_PHW65_0180/PHT69,WIPV17/30682,1.0,67,57.0,47.0,61.0,27.0,0.014047398363013197,2.104642096069448,-1.3671253828024872,1.2850898269506927,44.6125757987694,52.4687766467891,41.60189996381241,22.2716743238886,85.02472544777163,0.0
108,MIH119_1109,6,5,1,Mo44_PHW65_0185/PHT69,Mo44_PHW65_0193/PHT69,WIPV17/30689,,80,42.0,46.0,46.0,25.0,0.013481751877042059,2.2207019243213115,-0.8787975411772077,1.5781188947269178,33.089630815577955,41.361925626512736,31.954285041113874,7.293223462011074,74.94791335886511,0.0
109,MIH119_1110,5,5,1,Mo44_PHW65_0185/PHT69,Mo44_PHW65_0185/PHT69,WIPV17/30684,1.0,80,65.0,54.0,58.0,33.0,0.009777802576207311,2.1194422961613895,-0.585568299254435,1.2901783627660068,46.92298567374695,64.01250394579353,34.09154463296344,11.287131548350471,89.28166586502151,0.0
110,MIH119_1111,4,5,1,Mo44_PHW65_0185/PHT69,Mo44_PHW65_0200/PHT69,WIPV17/30691,,67,52.0,40.0,55.0,22.0,0.02563114414414162,2.076844465833348,-0.6036565327394616,1.4197301593804725,35.353318532759666,47.8662523795269,42.13244437154379,20.318018681442233,83.26667658581688,0.0
111,MIH119_1112,3,5,1,Mo44_PHW65_0188/PHT69,Mo44_PHW65_0188/PHT69,WIPV17/30686,1.0,75,53.0,50.0,47.0,35.0,0.06780375462547343,1.702000517791175,-0.46052111422569453,1.3152694827965128,36.00408882659197,51.19406879332062,30.211017655267344,13.717409390433598,70.89641694318568,0.0
112,MIH119_1113,3,6,1,Mo44_PHW65_0191/PHT69,Mo44_PHW65_0191/PHT69,WIPV17/30688,1.0,66,48.0,35.0,51.0,19.0,0.04359347716501763,2.033550349099248,-0.13468154843400548,1.9051044348063269,29.252398253903355,43.85018196684484,41.776754258738585,19.523358867638407,81.10156021542898,0.0
113,MIH119_1114,4,6,1,Mo44_PHW65_0195/PHT69,Mo44_PHW65_0195/PHT69,WIPV17/30690,1.0,83,60.0,60.0,57.0,30.0,0.00023693455183733525,2.9999999999999996,-1.1563359594059484,1.2527982883788829,49.363448015713004,59.55276909847932,28.499999999999996,7.312160604308849,84.44044699052263,0.0
114,MIH119_1115,5,6,1,Mo44_PHW65_0207/PHT69,Mo44_PHW65_0207/PHT69,WIPV17/30693,1.0,65,55.0,40.0,63.0,19.0,0.005840715348160512,2.4369222763188274,-1.2166342259567073,1.3524657268963498,40.49561941025198,49.84692828701575,48.260799916495614,23.244004395738468,94.29368249811138,0.0
115,MIH119_1116,6,6,1,Mo44_PHW65_0207/PHT69,Mo44_PHW65_0187/PHT69,WIPV17/30685,,60,46.0,40.0,61.0,22.0,0.022926901821066437,2.076844465833348,0.0,0.0,39.210044190878904,39.83716857408418,46.72871103025766,22.999999999999996,112.21375323628837,1.0
116,MIH119_1117,7,6,1,Mo44_PHW65_0210/PHT69,Mo44_PHW65_0210/PHT69,WIPV17/30694,1.0,82,53.0,50.0,49.0,35.0,0.0658489390813931,1.7020005177911752,-0.559051103162204,1.3919254712846725,37.536177712829925,52.48420764330323,31.496592874640424,7.376174350883468,79.0281900420566,0.0
118,MIH119_1119,9,6,1,Mo44_PHW65_0214/PHT69,Mo44_PHW65_0224/PHT69,WIPV17/30700,,70,51.0,45.0,40.0,25.0,0.021812061298364358,2.144506920509559,-0.0001026172739140731,3.884999595938868,28.284271247461902,47.92432366008133,28.2842712474619,17.443027309609104,66.58272306412667,0.0
119,MIH119_1120,10,6,1,Mo44_PHW65_0217/PHT69,Mo44_PHW65_0217/PHT69,WIPV17/30696,1.0,80,39.0,49.0,40.0,29.0,0.022277288975032165,2.0753195427822253,-1.0239072816216843,1.398198308102524,30.18838320891088,38.40750236747611,26.24236115962029,6.772278929010283,63.20197298249697,0.0
120,MIH119_1121,11,6,1,Mo44_PHW65_0218/PHT69,Mo44_PHW65_0218/PHT69,WIPV17/30697,1.0,85,55.0,50.0,49.0,26.0,0.00447880998699684,2.4434569691118364,-0.613580217493086,1.32483221888052,37.536177712829925,54.790708395046,31.496592874640424,4.793565851121199,84.2147978272923,0.0
121,MIH119_1122,12,6,1,Mo44_PHW65_0220/PHT69,Mo44_PHW65_0220/PHT69,WIPV17/30698,1.0,63,44.0,45.0,49.0,20.0,0.0020391166730010903,2.747477419454622,-1.90861665963289,1.3449813768205798,34.64823227814083,39.20428706428819,34.648232278140824,19.975581988540057,68.51723244570637,0.0
122,MIH119_1123,13,6,1,Mo44_PHW65_0220/PHT69,Mo44_PHW65_0223/PHT69,WIPV17/30699,,64,41.0,53.0,46.0,26.0,0.001526893171072731,2.720845095716238,0.0,0.0,36.73723346217547,36.850555898265846,27.68349106499422,17.973217018352173,86.31317203327423,1.0
125,MIH119_1126,16,6,1,Mo44_PHW65_0271/PHT69,Mo44_PHW65_0271/PHT69,WIPV17/30118,1.0,74,51.0,47.0,54.0,23.0,0.003410498714176555,2.5263423625470147,-0.9031983358829659,1.431433459101437,39.49309988743521,49.024346492854264,36.827911443374916,14.057505146666957,82.77670322523355,0.0
126,MIH119_1127,17,6,1,Mo44_PHW65_0288/PHT69,Mo44_PHW65_0288/PHT69,WIPV17/30721,1.0,70,59.0,50.0,52.0,27.0,0.006041600607167061,2.3389481207989014,-0.023037013707066723,2.3125537431864784,39.834311042186854,55.4418646263686,33.42495570370004,20.179188456214455,76.75754898918962,0.0
127,MIH119_1128,18,6,1,Mo44_PHW65_0296/PHT69,Mo44_PHW65_0296/PHT69,WIPV17/30122,1.0,78,54.0,45.0,53.0,27.0,0.030554927085528705,1.9626105055051508,-0.7098192026407045,1.3221577392296902,37.47665940288702,52.81997043962551,37.476659402887016,11.227231304159003,85.9591019482329,0.0
128,MIH119_1129,19,6,1,Mo44_PHW65_0307/PHT69,Mo44_PHW65_0307/PHT69,WIPV17/30724,1.0,72,58.0,45.0,57.0,27.0,0.02848811643717048,1.9626105055051508,-0.6656866023428993,1.3026890343356792,40.305086527633215,55.161277945118904,40.30508652763321,17.92298567374695,86.55952404434086,0.0
129,MIH119_1130,20,6,1,Mo44_PHW65_0315/PHT69,Mo44_PHW65_0315/PHT69,WIPV17/30725,1.0,60,48.0,40.0,59.0,20.0,0.010352695352626017,2.305407289332278,-2.5549545838007703,1.6359910324957976,37.924468971505824,41.569219381653056,45.196622144019706,23.999999999999996,84.37571465731813,0.0
130,MIH119_1131,21,6,1,Mo44_PHW65_0319/PHT69,Mo44_PHW65_0316/PHT69,WIPV17/30726,,81,52.0,52.0,46.0,31.0,0.013506118589593464,2.130180597065173,-0.44479868843228104,1.4049696485764833,36.248494665909206,51.359793710947166,28.32042786498028,8.134592182092005,73.71179685377575,0.0
131,MIH119_1132,22,6,1,Mo44_PHW65_0319/PHT69,Mo44_PHW65_0236/PHT69,WIPV17/30703,,85,36.0,46.0,38.0,30.0,0.06993116937353984,1.7935911162630085,-1.2383865584953577,1.3683618119921932,27.334912412868746,35.86300913130284,26.397018077441896,3.137606738915694,64.21638365068966,0.0
132,MIH119_1133,23,6,1,Mo44_PHW65_0319/PHT69,Mo44_PHW65_0281/PHT69,WIPV17/30720,,62,47.0,30.0,59.0,20.0,0.23815923957338264,1.5862568277145446,-0.9060061925142249,1.395312216977498,29.500000000000007,41.49853686436957,51.09549882328188,22.06516345093687,91.87329277222494,0.0
135,MIH119_1136,26,6,1,Mo44_PHW65_0324/PHT69,Mo44_PHW65_0324/PHT69,WIPV17/30131,1.0,34,67.0,20.0,70.0,14.0,0.6379613431181954,1.45980487596946,-1.0328703118610725e-05,5.300893640567033,23.941410032796817,37.465924532540036,65.77848345501359,55.5455173611878,90.16223630779835,0.0
136,MIH119_1137,27,6,1,Mo44_PHW65_0328/PHT69,Mo44_PHW65_0328/PHT69,WIPV17/30732,1.0,58,44.0,38.0,56.0,20.0,0.02209594922984501,2.1465646169716637,-5.382113315725662,1.2969801966427563,34.477042618236865,37.31411623088274,44.12860220197643,23.316447626261017,80.09362541391025,0.0
138,MIH119_1139,29,6,1,Mo44_PHW65_0336/PHT69,Mo44_PHW65_0336/PHT69,WIPV17/30734,1.0,64,55.0,45.0,55.0,20.0,0.001666391564348229,2.747477419454622,-0.14619862026787322,1.959756597500536,38.890872965260115,49.43367254645419,38.89087296526011,24.110413073399258,78.53670414324009,0.0
140,MIH119_1141,30,7,1,Mo44_PHW65_0339/PHT69,Mo44_PHW65_0339/PHT69,WIPV17/30735,1.0,74,62.0,45.0,63.0,25.0,0.012969037483203454,2.144506920509559,-0.6619955288295607,1.3738830547310905,44.5477272147525,59.59822514817577,44.54772721475249,17.08951606065395,97.9887010726809,0.0
141,MIH119_1142,29,7,1,Mo44_PHW65_0363/PHT69,Mo44_PHW65_0363/PHT69,WIPV17/30740,1.0,70,57.0,42.0,49.0,21.0,0.010138592052177924,2.345632729606377,-0.0010322169085919322,3.1988355294253656,32.78739971158405,53.56247938479678,36.414096448392314,19.495148169563116,81.53872395125747,0.0
142,MIH119_1143,28,7,1,Mo44_PHW65_0396/PHT69,Mo44_PHW65_0396/PHT69,WIPV17/30745,1.0,73,60.0,47.0,59.0,23.0,0.002979321915181375,2.5263423625470147,-0.44957085738770836,1.4769403912699324,43.14986839553106,57.37828535778213,40.23790324368741,17.542302283364204,90.41961684611475,0.0
143,MIH119_1144,27,7,1,Mo44_PHW65_0397/PHT69,Mo44_PHW65_0397/PHT69,WIPV17/30146,1.0,88,33.0,44.0,44.0,22.0,0.00892192478015183,2.390163591016678,-2.505396354975408,2.834684247070673,30.564968300195883,32.97989729163016,31.650951214900648,1.151683391182532,77.85356185017093,0.0
144,MIH119_1145,26,7,1,Mo44_PHW65_0404/PHT69,Mo44_PHW65_0404/PHT69,WIPV17/30747,1.0,82,44.0,50.0,47.0,20.0,0.00024220189765460513,3.274316085206515,-1.5333861738885888,1.360849870460253,36.00408882659197,43.5717950246291,30.211017655267344,6.123616442242879,77.03507727039802,0.0
145,MIH119_1146,25,7,1,Mo44_PHW65_0416/PHT69,Mo44_PHW65_0416/PHT69,WIPV17/30748,1.0,74,63.0,44.0,59.0,19.0,0.001273741041587875,2.8045638442441425,-0.029572757753973725,2.2670732803363998,40.98484385708085,60.55948684411409,42.441048219980416,17.365153416470946,97.87638044046392,0.0
146,MIH119_1147,24,7,1,Mo44_PHW65_0433/PHT69,Mo44_PHW65_0433/PHT69,WIPV17/30749,1.0,80,56.0,45.0,51.0,19.0,0.00108402323853452,2.904210877675822,-0.053102667463821716,2.1046300792152173,36.062445840513924,55.14923416868365,36.062445840513924,9.724297949348099,89.82698896141527,0.0
147,MIH119_1148,23,7,1,Mo44_PHW65_0435/PHT69,Mo44_PHW65_0435/PHT69,WIPV17/30750,1.0,78,49.0,50.0,48.0,32.0,0.031885215378998695,1.9072044243372355,-1.0040255366357849,1.2537971715839047,36.770133269710946,47.92923243595648,30.853805264953884,10.187672850070207,73.4150136367777,0.0
148,MIH119_1149,22,7,1,Mo44_PHW65_0442/PHT69,Mo44_PHW65_0442/PHT69,WIPV17/30751,1.0,87,47.0,55.0,47.0,27.0,0.000970061763405134,2.8028982814483143,-1.4033398217175246,1.341067511614975,38.50014608158261,46.93558813346497,26.958092508499163,2.45978994341836,76.41202103155328,0.0
149,MIH119_1150,21,7,1,Mo44_PHW65_0446/PHT69,Mo44_PHW65_0446/PHT69,WIPV17/30752,1.0,73,52.0,40.0,54.0,20.0,0.011621364329817212,2.305407289332278,-0.36490246209422283,1.5770219492984028,34.71053092307312,49.72784731007785,41.36639992842481,15.203328645582308,88.19826984450611,0.0
150,MIH119_1151,20,7,1,Mo44_PHW65_0475/PHT69,Mo44_PHW65_0475/PHT69,WIPV17/30156,1.0,65,54.0,44.0,65.0,18.0,0.0005649174604573593,2.972084444258672,-4.5134584664762505,1.2526783179963377,45.15279407983483,48.9406204999791,46.75708702201232,22.82138613399777,95.36521384955645,0.0
151,MIH119_1152,19,7,1,MoG/PHT69,MoG/PHT69,,1.0,21,56.0,18.0,66.0,18.0,3.0776835371752553,0.9999999999999998,0.0,0.0,20.39512162874653,20.06860517453681,62.76973007548013,52.280503883843295,115.5,1.0
152,MIH119_1153,18,7,1,MoG/PHT69,MoG/PHT69,,1.0,72,45.0,47.0,50.0,23.0,0.0038356059534232216,2.5263423625470147,-1.7352407432546593,1.341592465931805,36.567685080958526,42.79754323328191,34.09991800312493,13.905764746872633,74.79422996665878,0.0
153,MIH119_1154,17,7,1,OH43/B37,LH74/PHN82,,,70,51.0,45.0,67.0,22.0,0.00337601027484314,2.475086853416295,0.0,0.0,47.37615433949869,47.92432366008133,47.37615433949868,17.443027309609104,125.51702577419216,1.0
154,MIH119_1155,16,7,1,OH43/B37,LH74/PHN82,,,88,55.0,60.0,44.0,50.0,0.11083571587481036,1.4533631938113551,-0.4509191946909718,1.3437816674917398,38.105117766515306,54.96649548605027,21.999999999999996,1.9194723186375533,70.95507553139838,0.0
155,MIH119_1156,15,7,1,PHN11/PHT69,PHN11/PHT69,,1.0,70,75.0,46.0,60.0,24.0,0.006561105185811085,2.3258391652661903,-5.08562190264782e-05,3.827927853470114,43.16038802031907,70.47694655894313,41.679502227539835,25.651510749425153,98.36315693264218,0.0
157,MIH119_1158,13,7,1,PHN11_PHW65_0001/PHT69,PHN11_PHW65_0001/PHT69,WIPV17/30757,1.0,66,43.0,30.0,56.0,16.0,0.05914585707465123,2.0134596679273384,-1.4323393334841108,1.2689279056429998,28.000000000000007,39.28245467863184,48.49742261192856,17.489675652259407,91.53034284715498,0.0
158,MIH119_1159,12,7,1,PHN11_PHW65_0010/PHT69,PHN11_PHW65_0010/PHT69,WIPV17/30759,1.0,83,44.0,45.0,43.0,27.0,0.03736744658561209,1.9626105055051506,-0.6678625207881211,1.4019141068139593,30.405591591021544,43.67203067221817,30.40559159102154,5.362251109826489,73.5193125732963,0.0
160,MIH119_1161,10,7,1,PHN11_PHW65_0016/PHT69,PHN11_PHW65_0016/PHT69,WIPV17/30762,1.0,45,51.0,32.0,58.0,20.0,0.13735693714571734,1.7168144344801208,-1.3260969568696712,1.3702844753582766,30.735317325525884,36.062445840513924,49.18678957707271,36.062445840513924,73.91896503259504,0.0
161,MIH119_1162,9,7,1,PHN11_PHW65_0017/PHT69,PHN11_PHW65_0017/PHT69,WIPV17/30763,1.0,62,55.0,40.0,60.0,20.0,0.01012802943390182,2.3054072893322783,-0.8730316066574315,1.3633711759314935,38.56725658119236,48.562117607240985,45.96266658713868,25.820935953223994,86.48644725906999,0.0
162,MIH119_1163,8,7,1,PHN11_PHW65_0021/PHT69,PHN11_PHW65_0021/PHT69,WIPV17/30764,1.0,88,51.0,48.0,38.0,28.0,0.02370307577544723,2.0887583493841086,-0.08344791079171555,1.80774212121621,28.23950336814098,50.96893217797388,25.42696304163661,1.7798743318275494,73.8142275680747,0.0
163,MIH119_1164,7,7,1,PHN11_PHW65_0021/PHT69,PHN11_PHW65_0022/PHT69,WIPV17/30765,,77,47.0,46.0,59.0,25.0,0.009949369419199454,2.220701924321311,-1.017529884567194,2.8072264789755015,42.44104821998042,45.795393044906056,40.98484385708084,10.572699554161654,93.4418600912548,0.0
164,MIH119_1165,6,7,1,PHN11_PHW65_0023/PHT69,PHN11_PHW65_0023/PHT69,WIPV17/30766,1.0,71,43.0,44.0,51.0,23.0,0.01095774515550983,2.2750201847786875,-2.379911189854195,1.362899885299381,35.42757689340887,40.65729875077062,36.68632981727121,13.999430641657739,77.46071203614954,0.0
165,MIH119_1166,5,7,1,PHN11_PHW65_0023/PHT69,PHN11_PHW65_0027/PHT69,WIPV17/30767,,60,67.0,40.0,67.0,20.0,0.008769305505000024,2.305407289332278,-0.034876947987923484,2.3054072893322775,43.066769848998135,58.02370205355739,51.32497768897153,33.49999999999999,96.00407923380087,0.0
166,MIH119_1167,4,7,1,PHN11_PHW65_0048/PHT69,PHN11_PHW65_0048/PHT69,WIPV17/30772,1.0,75,45.0,42.0,46.0,22.0,0.01648572421411343,2.2285782128044467,-0.6541604746993777,1.3932399951361876,30.780007892507477,43.466662183008076,34.18466197196013,11.646857029613432,74.86227438860391,0.0
167,MIH119_1168,3,7,1,PHN11_PHW65_0048/PHT69,PHN11_PHW65_0042/PHT69,WIPV17/30771,,70,61.0,47.0,56.0,25.0,0.007483866037880439,2.29970211998584,-0.060283082874645726,2.025301756252716,40.95580729067355,57.321249867940416,38.19190816349992,20.863228742865793,84.35208455852957,0.0
168,MIH119_1169,3,8,1,PHN11_PHW65_0049/PHT69,PHN11_PHW65_0049/PHT69,WIPV17/30773,1.0,82,52.0,45.0,55.0,22.0,0.0045168593892328706,2.475086853416295,-0.7722181896156656,1.465444472530891,38.890872965260115,51.49393957456166,38.89087296526011,7.237001249923403,93.29792762917043,0.0
170,MIH119_1171,5,8,1,PHN11_PHW65_0058/PHT69,PHN11_PHW65_0058/PHT69,WIPV17/30778,1.0,60,64.0,40.0,68.0,21.0,0.01350762143631673,2.185929273368535,-0.47792015201178917,1.5191562393612956,43.70955745868468,55.42562584220408,52.09102213209051,31.999999999999996,95.54258717167811,0.0
171,MIH119_1172,6,8,1,PHN11_PHW65_0059/PHT69,PHN11_PHW65_0059/PHT69,WIPV17/30779,1.0,77,44.0,39.0,53.0,22.0,0.03647163127441571,2.0042858146673868,-1.176447432079074,1.4560641477401697,33.353980725641385,42.87228285055035,41.18873595721945,9.89784639113006,88.4340001655917,0.0
172,MIH119_1173,7,8,1,PHN11_PHW65_0062/PHT69,PHN11_PHW65_0062/PHT69,WIPV17/30781,1.0,80,48.0,42.0,49.0,26.0,0.057958889450270515,1.8461018709973958,-0.5845132587339011,1.4485579419062145,32.78739971158405,47.27077214458598,36.414096448392314,8.335112528012656,82.84750908929453,0.0
173,MIH119_1174,8,8,1,PHN11_PHW65_0064/PHT69,PHN11_PHW65_0064/PHT69,WIPV17/30183,1.0,82,37.0,40.0,44.0,30.0,0.26189104475674657,1.4533631938113547,-1.5352175761810885,1.3768411614209906,28.282654826207732,36.63991854343811,33.70595549723503,5.149404735522421,74.58946715589083,0.0
174,MIH119_1175,9,8,1,PHN11_PHW65_0065/PHT69,PHN11_PHW65_0065/PHT69,WIPV17/30784,1.0,67,41.0,22.0,51.0,19.0,1.484119265530981,1.1733773599367712,-0.19774479666528078,1.7310014674386387,19.10493626421152,37.740698991550055,47.28637658290615,16.019976268060223,88.52801484166847,0.0
175,MIH119_1176,10,8,1,PHN11_PHW65_0066/PHT69,PHN11_PHW65_0066/PHT69,WIPV17/30785,,70,54.0,40.0,47.0,34.0,0.5188023145800187,1.2440163618768716,-0.09236976243211763,1.7359856871949153,30.21101765526735,50.74340152243906,36.00408882659197,18.46908773958611,75.05578027479196,0.0
176,MIH119_1177,11,8,1,PHN11_PHW65_0069/PHT69,PHN11_PHW65_0070/PHT69,WIPV17/30787,,85,43.0,40.0,53.0,20.0,0.011908423459221561,2.3054072893322783,-1.6817195526917454,1.4218583137114946,34.067743313386586,42.83637201794506,40.60035548530583,3.7476969381493013,94.41088737511832,0.0
177,MIH119_1178,12,8,1,PHN11_PHW65_0069/PHT69,PHN11_PHW65_0069/PHT69,WIPV17/30786,1.0,67,50.0,43.0,49.0,23.0,0.016082077099774557,2.196867871843751,-0.16093760362504303,1.8221718930547537,33.417919643062426,46.02524267262202,35.836331379339356,19.536556424463686,73.16286402521439,0.0
178,MIH119_1179,13,8,1,PHN11_PHW65_0071/PHT69,PHN11_PHW65_0071/PHT69,WIPV17/30788,1.0,55,51.0,35.0,69.0,24.0,0.1737529058349464,1.5726918801839491,-0.47548814675646384,5.135615182417013,39.57677410822218,41.776754258738585,56.52149105594044,29.252398253903348,98.56678266953229,0.0
179,MIH119_1180,14,8,1,PHN11_PHW65_0074/PHT69,PHN11_PHW65_0074/PHT69,WIPV17/30791,1.0,45,53.0,33.0,60.0,28.0,0.7116869422513918,1.221358047323423,-1.5752123682783008,1.33807307236412,32.67834210090163,37.47665940288702,50.320234076725434,37.476659402887016,74.04331392886026,0.0
180,MIH119_1181,15,8,1,PHN11_PHW65_0075/PHT69,PHN11_PHW65_0075/PHT69,WIPV17/30792,1.0,88,68.0,55.0,45.0,33.0,0.009261001965100914,2.1991550787238148,-0.020903110878120936,2.043059713683325,36.86184199300463,67.95857623729852,25.810939635797073,2.3731657757700657,87.67155557273736,0.0
181,MIH119_1182,16,8,1,PHN11_PHW65_0076/PHT69,PHN11_PHW65_0080/PHT69,WIPV17/30796,,60,45.0,27.0,60.0,20.0,0.523461275044918,1.3999096671234097,-1.326912946745042,1.2792344705348146,27.23942998437281,38.97114317029974,53.460391451302065,22.499999999999996,93.84510554882505,0.0
182,MIH119_1183,17,8,1,PHN11_PHW65_0077/PHT69,PHN11_PHW65_0077/PHT69,WIPV17/30194,1.0,80,46.0,40.0,51.0,26.0,0.09645109234352926,1.720409197270548,-0.9781002340830995,1.3685732833260031,32.78216809401351,45.30115663856157,39.068266599067876,7.987816172678795,86.31305459285835,0.0
184,MIH119_1185,19,8,1,PHN11_PHW65_0081/PHT69,PHN11_PHW65_0081/PHT69,WIPV17/30197,1.0,70,51.0,45.0,52.0,30.0,0.07144683456102265,1.732050807568877,-0.8477612330938965,1.2963543912888678,36.76955262170048,47.92432366008133,36.76955262170047,17.443027309609104,76.06820810701979,0.0
185,MIH119_1186,20,8,1,PHN11_PHW65_0084/PHT69,PHN11_PHW65_0084/PHT69,WIPV17/30798,1.0,85,49.0,50.0,52.0,31.0,0.022392511454409195,1.983411052172061,-1.6700884716678133,1.3028877646674326,39.834311042186854,48.81354020649553,33.42495570370004,4.2706313946352505,84.77991043038557,0.0
186,MIH119_1187,21,8,1,PHN11_PHW65_0086/PHT69,PHN11_PHW65_0086/PHT69,WIPV17/30799,1.0,75,69.0,62.0,71.0,23.0,3.630934589454964e-07,4.430713892853501,-1.9293631083775558,1.5129008900021255,62.68927909298382,66.64888201394571,33.332480957798246,17.85851411207393,94.12483090724814,0.0
187,MIH119_1188,22,8,1,PHN11_PHW65_0087/PHT69,PHN11_PHW65_0087/PHT69,WIPV17/30800,1.0,72,45.0,40.0,53.0,28.0,0.15499329053690772,1.5781168834174566,-1.0922801028900913,1.4751146822133832,34.067743313386586,42.79754323328191,40.60035548530583,13.905764746872633,82.52402436242357,0.0
188,MIH119_1189,23,8,1,PHN11_PHW65_0088/PHT69,PHN11_PHW65_0088/PHT69,WIPV17/30801,1.0,85,48.0,40.0,44.0,23.0,0.045535387641635824,1.976794851270834,-0.2870720339797878,1.5588408392643687,28.282654826207732,47.81734550840379,33.70595549723503,4.183475651887592,82.12931868881401,0.0
189,MIH119_1190,24,8,1,PHN11_PHW65_0092/PHT69,PHN11_PHW65_0089/PHT69,WIPV17/30802,,75,56.0,48.0,48.0,37.0,0.16553893224159247,1.4738325866309012,-0.3098178491679771,1.3870173893093383,35.67095162291493,54.09184627218782,32.118269105225195,14.493866525741161,74.57121500373195,0.0
190,MIH119_1191,25,8,1,PHN11_PHW65_0096/PHT69,PHN11_PHW65_0096/PHT69,WIPV17/30805,1.0,45,49.0,35.0,62.0,29.0,0.5578819869318083,1.2632078375313567,0.0,0.0,35.56173905376486,34.64823227814083,50.78742674591749,34.648232278140824,109.1639255055533,1.0
191,MIH119_1192,26,8,1,PHN11_PHW65_0100/PHT69,PHN11_PHW65_0100/PHT69,WIPV17/30806,1.0,60,53.0,42.0,56.0,12.0,8.973582804896144e-06,4.2360679774997925,-0.056387862802101035,2.6230805813940474,37.47131395609606,45.899346400575254,41.61611022673407,26.499999999999996,82.45173370470603,0.0
192,MIH119_1193,27,8,1,PHN11_PHW65_0101/PHT69,PHN11_PHW65_0101/PHT69,WIPV17/30807,1.0,59,57.0,30.0,52.0,19.0,0.1909773027124592,1.676746932009576,-2.7535006333145142e-05,4.234841222316194,26.000000000000007,48.858536140020405,45.033320996790806,29.357170269873087,84.27731745700743,0.0
193,MIH119_1194,28,8,1,PHN11_PHW65_0103/PHT69,PHN11_PHW65_0103/PHT69,WIPV17/30808,1.0,86,54.0,40.0,52.0,20.0,0.012208246377561379,2.305407289332279,-0.3282315549673482,1.5573056883341063,33.42495570370005,53.86845871403051,39.834311042186854,3.7668495821827666,97.53927876740735,0.0
194,MIH119_1195,29,8,1,PHN11_PHW65_0105/PHT69,PHN11_PHW65_0105/PHT69,WIPV17/30209,1.0,82,39.0,45.0,46.0,14.0,2.7987757929118296e-05,4.0107809335358455,-0.7236733835728077,2.00468042083501,32.526911934581186,38.62045468092124,32.526911934581186,5.427750937442552,80.32613592486791,0.0
195,MIH119_1196,30,8,1,PHN11_PHW65_0106/PHT69,PHN11_PHW65_0118/PHT69,WIPV17/30817,,82,51.0,45.0,55.0,24.0,0.010446993182219531,2.2460367739042155,-0.8989446372081179,1.4541699025079569,38.890872965260115,50.50367150582009,38.89087296526011,7.0978281489633375,92.38930982100459,0.0
197,MIH119_1198,29,9,1,PHN11_PHW65_0107/PHT69,PHN11_PHW65_0113/PHT69,WIPV17/30814,,82,33.0,31.0,43.0,16.0,0.05591249041336728,2.0954500015319044,-0.9504098847918149,1.4971130147918672,22.146637221132337,32.67884626847182,36.85819393019082,4.59271233168216,79.32983987684725,0.0
201,MIH119_1202,25,9,1,PHN11_PHW65_0119/PHT69,PHN11_PHW65_0136/PHT69,WIPV17/30823,,58,51.0,45.0,61.0,25.0,0.013456840506909512,2.144506920509559,0.0,0.0,43.1335136523794,43.250452903977724,43.13351365237939,27.02588247589345,112.46909450759387,1.0
203,MIH119_1204,23,9,1,PHN11_PHW65_0129/PHT69,PHN11_PHW65_0129/PHT69,WIPV17/30820,1.0,70,62.0,40.0,56.0,22.0,0.02513861354464259,2.0768444658333474,-0.008183940511971707,2.5403030582728885,35.9961061424462,58.26094248872632,42.89848881466277,21.20524888619146,92.2256493031066,0.0
205,MIH119_1206,21,9,1,PHN11_PHW65_0139/PHT69,PHN11_PHW65_0139/PHT69,WIPV17/30826,1.0,80,65.0,55.0,58.0,27.0,0.0006639577459913079,2.802898281448314,-0.3532595952126042,1.473427500364249,47.51081856876152,64.01250394579353,33.26743330836067,11.287131548350471,90.10490410171921,0.0
206,MIH119_1207,20,9,1,PHN11_PHW65_0140/PHT69,PHN11_PHW65_0140/PHT69,WIPV17/30827,1.0,65,56.0,50.0,60.0,22.0,0.00048154029643211266,2.949693649541568,-1.3369975569971304,1.5389387362135671,45.96266658713868,50.753236074052396,38.56725658119235,23.66662265747917,81.00252824657403,0.0
208,MIH119_1209,18,9,1,PHN11_PHW65_0144/PHT69,PHN11_PHW65_0144/PHT69,WIPV17/30230,1.0,82,39.0,41.0,45.0,20.0,0.010465331760067576,2.3883456831814533,-1.352179416310407,1.3810417519589302,29.522656304572834,38.62045468092124,33.961931110024736,5.427750937442552,78.16143528180973,0.0
209,MIH119_1210,17,9,1,PHN11_PHW65_0149/PHT69,PHN11_PHW65_0149/PHT69,WIPV17/30833,1.0,35,78.0,35.0,78.0,22.0,0.08804354479414188,1.7330744724858405,0.0,0.0,44.7389620353816,44.7389620353816,63.893859454541364,63.893859454541364,140.69288203292245,1.0
212,MIH119_1213,14,9,1,PHN11_PHW65_0167/PHT69,PHN11_PHW65_0154/PHT69,WIPV17/30234,,56,67.0,38.0,66.0,20.0,0.018301997993956293,2.1465646169716632,-0.007187346448375692,2.817204409252311,40.63365737149345,55.5455173611878,52.00870973804365,37.465924532540036,92.24023384019836,0.0
213,MIH119_1214,13,9,1,PHN11_PHW65_0168/PHT69,PHN11_PHW65_0168/PHT69,WIPV17/30838,1.0,22,30.0,20.0,57.0,20.0,2.7474774194546194,1.0000000000000002,0.0,0.0,19.495148169563123,11.238197802477366,53.562479384796774,27.81551563700362,99.75,1.0
214,MIH119_1215,12,9,1,PHN11_PHW65_0172/PHT69,PHN11_PHW65_0172/PHT69,WIPV17/30839,1.0,70,43.0,44.0,50.0,24.0,0.016371129095775587,2.1689725003631946,-1.8744357898854431,1.3990246624254423,34.732918522949866,40.406782693794064,35.966990016932556,14.706866163003754,74.87253961411531,0.0
215,MIH119_1216,11,9,1,PHN11_PHW65_0176/PHT69,PHN11_PHW65_0176/PHT69,WIPV17/30840,1.0,58,54.0,30.0,55.0,15.0,0.03771919286349934,2.1547005383792524,-0.0005581155276370062,3.5905152996676377,27.500000000000007,45.794597192447,47.63139720814412,28.615640268593065,87.29538307392787,0.0
216,MIH119_1217,10,9,1,PHN11_PHW65_0178/PHT69,PHN11_PHW65_0178/PHT69,WIPV17/30841,1.0,80,52.0,50.0,38.0,25.0,0.004427671680920698,2.5557238268604126,-0.0011192971728349328,3.0783052531539288,29.109688838521166,51.21000315663482,24.42592916808849,9.029705238680377,69.78062298602055,0.0
218,MIH119_1219,8,9,1,PHN11_PHW65_0184/PHT69,PHN11_PHW65_0184/PHT69,WIPV17/30844,1.0,80,59.0,50.0,61.0,45.0,0.40148085292249713,1.1917535925942098,-0.9806101749899547,1.392466553619737,46.72871103025766,58.10365742772027,39.2100441908789,10.245242482348889,92.56608736521096,0.0
221,MIH119_1222,5,9,1,PHN11_PHW65_0205/PHT69,PHN11_PHW65_0205/PHT69,WIPV17/30848,1.0,75,60.0,45.0,56.0,30.0,0.06767405013233516,1.732050807568877,-0.515093963350361,1.3210544239165163,39.59797974644666,57.9555495773441,39.597979746446654,15.529142706151244,88.26741929268523,0.0
223,MIH119_1224,3,9,1,PHN11_PHW65_0206/PHT69,PHN11_PHW65_0209/PHT69,WIPV17/30250,,75,62.0,45.0,58.0,30.0,0.06595773582857792,1.732050807568877,-0.5327546621098415,1.309524491392032,41.01219330881976,59.88740122992223,41.012193308819754,16.046780796356288,91.3479942138267,0.0
224,MIH119_1225,3,10,1,PHN11_PHW65_0211/PHT69,PHN11_PHW65_0211/PHT69,WIPV17/30851,1.0,65,56.0,40.0,58.0,30.0,0.23106185481299174,1.4533631938113545,-0.7571571162345827,1.2733323082440726,37.28168136181928,50.753236074052396,44.43057770090073,23.66662265747917,83.82213534548566,0.0
227,MIH119_1228,6,10,1,PHN11_PHW65_0217/PHT69,PHN11_PHW65_0217/PHT69,WIPV17/30854,1.0,70,57.0,40.0,53.0,30.0,0.24070127304183414,1.4533631938113547,-0.18225191369722485,1.5998835192981795,34.067743313386586,53.56247938479678,40.60035548530583,19.495148169563116,83.25221820648048,0.0
228,MIH119_1229,7,10,1,PHN11_PHW65_0221/PHT69,PHN11_PHW65_0221/PHT69,WIPV17/30255,1.0,85,45.0,55.0,50.0,35.0,0.014758185382728023,2.039606729161475,-1.9385723545837275,1.8818229217054518,40.95760221444959,44.82876141412855,28.678821817552304,3.9220084236446175,77.2476309673456,0.0
229,MIH119_1230,8,10,1,PHN11_PHW65_0224/PHT69,PHN11_PHW65_0216/PHT69,WIPV17/30253,,55,51.0,35.0,54.0,20.0,0.05989556389275688,1.923804400163087,-0.1342159983277694,1.9812503402162498,30.973127562956492,41.776754258738585,44.23421039160556,29.252398253903348,75.54740648758795,0.0
232,MIH119_1233,11,10,1,PHN11_PHW65_0227/PHT69,PHN11_PHW65_0227/PHT69,WIPV17/30859,1.0,80,41.0,35.0,49.0,20.0,0.06552047847073957,1.923804400163087,-1.4206719737114837,1.2547110513766295,28.10524538120126,40.37711787350053,40.138450170160596,7.119575284344144,86.37311602845526,0.0
233,MIH119_1234,12,10,1,PHN11_PHW65_0241/PHT69,PHN11_PHW65_0241/PHT69,WIPV17/30861,1.0,70,38.0,35.0,56.0,30.0,0.6825556447652609,1.2127950320219432,-2.29817765588438,2.0825035947293355,32.120280435658586,35.70831958986452,45.87251448018354,12.996765446375411,89.54187243474084,0.0
234,MIH119_1235,13,10,1,PHN11_PHW65_0245/PHT69,PHN11_PHW65_0245/PHT69,WIPV17/30263,1.0,70,58.0,35.0,58.0,25.0,0.24622291834805324,1.5015999114836842,-0.18128432906445985,1.645538036014635,33.26743330836068,54.502172005582686,47.51081856876152,19.837168312888785,94.82892561344853,0.0
235,MIH119_1236,14,10,1,PHN11_PHW65_0250/PHT69,PHN11_PHW65_0250/PHT69,WIPV17/30865,1.0,75,52.0,35.0,56.0,25.0,0.25059525323038206,1.501599911483684,-0.5615629880796352,1.4002536600938746,32.120280435658586,50.22814296703155,45.87251448018354,13.458590345331078,94.52869103407377,0.0
236,MIH119_1237,15,10,1,PHN11_PHW65_0251/PHT69,PHN11_PHW65_0251/PHT69,WIPV17/30266,1.0,70,44.0,35.0,51.0,25.0,0.26263146168357904,1.5015999114836838,-0.9182246466625432,1.3523482798499802,29.252398253903355,41.34647531457997,41.776754258738585,15.048886306329424,81.45514156124533,0.0
238,MIH119_1239,17,10,1,PHN11_PHW65_0260/PHT69,PHN11_PHW65_0260/PHT69,WIPV17/30870,1.0,60,55.0,40.0,61.0,20.0,0.009911833043747584,2.3054072893322783,-0.8236745531495092,1.4785188296406842,39.210044190878904,47.63139720814413,46.72871103025766,27.499999999999996,86.11707120543646,0.0
240,MIH119_1241,19,10,1,PHN11_PHW65_0266/PHT69,PHN11_PHW65_0266/PHT69,WIPV17/30872,1.0,75,45.0,35.0,42.0,15.0,0.008425079491996525,2.613210108441363,-0.0018480181683650078,3.177581508805861,24.09021032674394,43.466662183008076,34.40438586013766,11.646857029613432,78.2574888605975,0.0
241,MIH119_1242,20,10,1,PHN11_PHW65_0267/PHT69,PHN11_PHW65_0278/PHT69,WIPV17/30278,,85,52.0,45.0,50.0,25.0,0.016895946627215983,2.144506920509559,-0.7285251439036929,1.3374386408866863,35.35533905932738,51.80212430077077,35.35533905932737,4.532098622878225,87.89092479966668,0.0
242,MIH119_1243,21,10,1,PHN11_PHW65_0267/PHT69,PHN11_PHW65_0277/PHT69,WIPV17/30877,,80,42.0,30.0,47.0,20.0,0.27212142205994555,1.5862568277145446,-0.48410959615631843,1.4688799950759837,23.500000000000004,41.361925626512736,40.703193977868615,7.293223462011074,86.36673022095971,0.0
243,MIH119_1244,22,10,1,PHN11_PHW65_0267/PHT69,PHN11_PHW65_0267/PHT69,WIPV17/30873,1.0,85,49.0,45.0,42.0,40.0,0.5219127523288488,1.1917535925942102,-0.5456311488523657,1.3020464840621953,29.698484809834998,48.81354020649553,29.698484809834994,4.2706313946352505,74.22099360082919,0.0
244,MIH119_1245,23,10,1,PHN11_PHW65_0274/PHT69,PHN11_PHW65_0274/PHT69,WIPV17/30874,1.0,60,46.0,35.0,51.0,25.0,0.26263146168357904,1.5015999114836838,-0.669544340289541,1.4129671179441896,29.252398253903355,39.83716857408418,41.776754258738585,22.999999999999996,73.70956463381582,0.0
246,MIH119_1247,25,10,1,PHN11_PHW65_0276/PHT69,PHN11_PHW65_0276/PHT69,WIPV17/30876,1.0,85,50.0,50.0,57.0,35.0,0.05921643359433711,1.702000517791175,-2.337494242642262,1.4459677990382405,43.66453325778175,49.80973490458728,36.63889375213274,4.357787137382909,91.51758358210424,0.0
250,MIH119_2001,29,10,2,PHN11_PHW65_0285/PHT69,PHN11_PHW65_0285/PHT69,WIPV17/30882,1.0,70,51.0,45.0,51.0,30.0,0.07246970597905143,1.7320508075688767,-0.8451420921306807,1.250320786605692,36.062445840513924,47.92432366008133,36.062445840513924,17.443027309609104,74.7675182122353,0.0
251,MIH119_2002,30,10,2,PHN11_PHW65_0288/PHT69,PHN11_PHW65_0288/PHT69,WIPV17/30884,1.0,50,38.0,30.0,54.0,15.0,0.03852690466624274,2.1547005383792524,-7.619465082008512,1.4408430944115511,27.000000000000007,29.109688838521166,46.76537180435968,24.42592916808849,79.18984167804079,0.0
252,MIH119_2003,30,11,2,PHN11_PHW65_0294/PHT69,PHN11_PHW65_0294/PHT69,WIPV17/30886,1.0,60,39.0,35.0,51.0,20.0,0.06314323000357751,1.923804400163087,-1.2075662081466667,1.9315916835602915,29.252398253903355,33.77499074759311,41.776754258738585,19.499999999999996,76.159269101849,0.0
253,MIH119_2004,29,11,2,PHN11_PHW65_0300/PHT69,PHN11_PHW65_0300/PHT69,WIPV17/30887,1.0,80,43.0,45.0,46.0,35.0,0.2251833340482805,1.4281480067421144,-1.0484589547160015,1.3894016150702104,32.526911934581186,42.34673337952494,32.526911934581186,7.466871639678004,73.76930772473204,0.0
254,MIH119_2005,28,11,2,PHN11_PHW65_0301/PHT69,PHN11_PHW65_0301/PHT69,WIPV17/30888,1.0,85,37.0,30.0,45.0,20.0,0.2791479184815346,1.5862568277145443,-0.9639207985615618,1.356105395500975,22.500000000000004,36.85920382939459,38.97114317029974,3.224762481663352,84.69367393008002,0.0
255,MIH119_2006,27,11,2,PHN11_PHW65_0302/PHT69,PHN11_PHW65_0302/PHT69,WIPV17/30889,1.0,75,57.0,40.0,52.0,25.0,0.07207098669158735,1.7994549660566956,-0.08509237236816286,1.8496299022452158,33.42495570370005,55.057772098476896,39.834311042186854,14.752685570843681,88.23310638781814,0.0
256,MIH119_2007,26,11,2,PHN11_PHW65_0303/PHT69,PHN11_PHW65_0303/PHT69,WIPV17/30890,1.0,85,54.0,45.0,52.0,30.0,0.07144683456102265,1.732050807568877,-0.635475183687782,1.3832561766379172,36.76955262170048,53.79451369695426,36.76955262170047,4.706410108373541,90.26184868843086,0.0
259,MIH119_2010,23,11,2,PHN11_PHW65_0315/PHT69,PHN11_PHW65_0315/PHT69,WIPV17/30895,1.0,75,52.0,40.0,46.0,25.0,0.07949281139192438,1.7994549660566954,-0.04599582065791619,2.0342716653771467,29.568230045580812,50.22814296703155,35.23804438347299,13.458590345331078,79.0970839732001,0.0
260,MIH119_2011,22,11,2,PHN11_PHW65_0319/PHT69,PHN11_PHW65_0319/PHT69,WIPV17/30897,1.0,85,37.0,40.0,47.0,20.0,0.01393053598213382,2.3054072893322783,-0.8473343359138504,1.9296694982249525,30.21101765526735,36.85920382939459,36.00408882659197,3.224762481663352,83.88539168399697,0.0
263,MIH119_2014,19,11,2,PHN11_PHW65_0323/PHT69,PHN11_PHW65_0323/PHT69,WIPV17/30901,1.0,65,62.0,40.0,56.0,30.0,0.23476724047760336,1.4533631938113545,-0.03076875898113936,2.0950166249563846,35.9961061424462,56.1910827962723,42.89848881466277,26.202332227923364,84.31954415432091,0.0
265,MIH119_2016,17,11,2,PHN11_PHW65_0329/PHT69,PHN11_PHW65_0344/PHT69,WIPV17/30308,,70,46.0,35.0,52.0,30.0,0.6934047356496205,1.2127950320219432,-0.9215294400060388,1.2994796747859914,29.8259746902544,43.22586055615179,42.595906303027576,15.73292659298076,82.41778799597533,0.0
266,MIH119_2017,16,11,2,PHN11_PHW65_0329/PHT69,PHN11_PHW65_0329/PHT69,WIPV17/30903,1.0,85,45.0,50.0,46.0,45.0,0.42380732637025875,1.1917535925942098,-1.279730240329705,1.325969882947225,35.23804438347299,44.82876141412855,29.568230045580805,3.9220084236446175,73.6807684278015,0.0
267,MIH119_2018,15,11,2,PHN11_PHW65_0329/PHT69,PHN11_PHW65_0345/PHT69,WIPV17/30309,,75,57.0,45.0,48.0,25.0,0.01770407437655419,2.144506920509559,-0.014352233655512171,2.360003989344583,33.941125496954285,55.057772098476896,33.94112549695428,14.752685570843681,80.89341323488328,0.0
268,MIH119_2019,14,11,2,PHN11_PHW65_0336/PHT69,PHN11_PHW65_0336/PHT69,WIPV17/30905,1.0,55,51.0,35.0,59.0,25.0,0.24412068935108744,1.5015999114836842,-0.8090211325361997,1.5257692804098502,33.84100974471173,41.776754258738585,48.32997061305051,29.252398253903348,80.98118439796262,0.0
269,MIH119_2020,13,11,2,PHN11_PHW65_0343/PHT69,PHN11_PHW65_0343/PHT69,WIPV17/30907,1.0,80,66.0,45.0,51.0,25.0,0.01651731962512191,2.1445069205095586,-0.005069041283651936,2.5222283640602288,36.062445840513924,64.99731169880573,36.062445840513924,11.460779726017401,94.31192908863602,0.0
270,MIH119_2021,12,11,2,PHN11_PHW65_0345/PHT69,PHN11_PHW65_0347/PHT69,WIPV17/30911,,85,38.0,35.0,45.0,30.0,0.7150697068568306,1.212795032021943,-1.195753383349098,1.3398102732959902,25.810939635797077,37.85539852748633,36.86184199300463,3.31191822441101,81.01951320612838,0.0
271,MIH119_2022,11,11,2,PHN11_PHW65_0346/PHT69,PHN11_PHW65_0346/PHT69,WIPV17/30910,1.0,50,50.0,35.0,48.0,25.0,0.2707405732283502,1.5015999114836842,-0.0034312193142196157,3.2169625129500132,27.531668944850217,38.302222155948904,39.319298125871605,32.13938048432696,62.88263941466855,0.0
274,MIH119_2025,8,11,2,PHN11_PHW65_0354/PHT69,PHN11_PHW65_0354/PHT69,WIPV17/30914,1.0,75,49.0,40.0,52.0,30.0,0.2427889103663997,1.4533631938113547,-0.8102824200791326,1.3341408999864357,33.42495570370005,47.33036548816435,39.834311042186854,12.682133210023515,83.55466394526908,0.0
275,MIH119_2026,7,11,2,PHN11_PHW65_0355/PHT69,PHN11_PHW65_0355/PHT69,WIPV17/30915,1.0,60,57.0,40.0,55.0,30.0,0.23669289151772288,1.4533631938113545,-0.12412642041438665,1.7800370515904662,35.353318532759666,49.363448015713004,42.13244437154379,28.499999999999996,76.06664180874887,0.0
276,MIH119_2027,6,11,2,PHN11_PHW65_0358/PHT69,PHN11_PHW65_0358/PHT69,WIPV17/30916,1.0,85,53.0,50.0,47.0,35.0,0.06780375462547343,1.702000517791175,-0.650138084380493,1.3019478853435915,36.00408882659197,52.79831899886251,30.211017655267344,4.619254365625883,79.11648380574745,0.0
277,MIH119_2028,5,11,2,PHN11_PHW65_0365/PHT69,PHN11_PHW65_0365/PHT69,WIPV17/30919,1.0,80,55.0,40.0,60.0,25.0,0.06428002176632153,1.7994549660566954,-1.0811740308474778,1.2802099697445437,38.56725658119236,54.16442641567144,45.96266658713868,9.550649771681169,101.91707513080412,0.0
278,MIH119_2029,4,11,2,PHN11_PHW65_0372/PHT69,PHN11_PHW65_0372/PHT69,WIPV17/30921,1.0,60,59.0,40.0,63.0,30.0,0.22255985218875407,1.4533631938113547,-0.9378428197059787,1.269014064783145,40.49561941025198,51.095498823281886,48.260799916495614,29.499999999999996,85.6619467291594,0.0
280,MIH119_2031,3,12,2,PHN11_PHW65_0382/PHT69,PHN11_PHW65_0382/PHT69,WIPV17/30924,1.0,80,42.0,40.0,48.0,25.0,0.07683360424504451,1.7994549660566954,-1.360689280842642,1.3075773363989773,30.85380526495389,41.361925626512736,36.770133269710946,7.293223462011074,81.12814293362428,0.0
282,MIH119_2033,5,12,2,PHN11_PHW65_0393/PHT69,PHN11_PHW65_0393/PHT69,WIPV17/30929,1.0,60,56.0,35.0,63.0,30.0,0.6656609186168188,1.212795032021943,-0.7641643940790352,1.3642125089709303,36.13531549011591,48.49742261192857,51.606578790206484,27.999999999999996,90.1473433751865,0.0
283,MIH119_2034,6,12,2,PHN11_PHW65_0395/PHT69,PHN11_PHW65_0395/PHT69,WIPV17/30930,1.0,60,60.0,40.0,52.0,25.0,0.07207098669158735,1.7994549660566956,-7.365022837721935e-05,4.042153976047009,33.42495570370005,51.96152422706632,39.834311042186854,29.999999999999996,76.71244304561992,0.0
287,MIH119_2038,10,12,2,PHN11_PHW65_0407/PHT69,PHN11_PHW65_0407/PHT69,WIPV17/30933,1.0,75,31.0,35.0,44.0,20.0,0.072370041575163,1.9238044001630867,-2.3574281824978716,1.5981059531838173,25.23736319944603,29.943700614961116,36.04268994871564,8.023390398178144,74.37559847570608,0.0
289,MIH119_2040,12,12,2,PHN11_PHW65_0418/PHT69,PHN11_PHW65_0418/PHT69,WIPV17/30336,1.0,85,63.0,50.0,53.0,35.0,0.06231961365986161,1.702000517791175,-0.4090549488328246,1.370598840244961,40.60035548530583,62.760265979779966,34.06774331338658,5.4908117931024645,91.01076657111199,0.0
290,MIH119_2041,13,12,2,PHN11_PHW65_0423/PHT69,PHN11_PHW65_0423/PHT69,WIPV17/30939,1.0,50,62.0,30.0,66.0,20.0,0.22300852339923646,1.5862568277145446,-0.03680001457152277,2.301321607367219,33.00000000000001,47.494755473376635,57.157676649772945,39.85283180056543,91.35358819337524,0.0
291,MIH119_2042,14,12,2,PHN11_PHW65_0424/PHT69,PHN11_PHW65_0424/PHT69,WIPV17/30940,1.0,75,59.0,45.0,65.0,35.0,0.19419920883416472,1.4281480067421146,-1.4417554756496322,1.2740030687145367,45.96194077712559,56.98962375105503,45.961940777125584,15.270323661048725,98.65149692330965,0.0
292,MIH119_2043,15,12,2,PHN11_PHW65_0427/PHT69,PHN11_PHW65_0427/PHT69,WIPV17/30341,1.0,85,63.0,50.0,45.0,30.0,0.019394378896273972,2.0641777724759116,-0.021620468739693494,2.090782431571275,34.47199994035401,62.760265979779966,28.925442435894265,5.4908117931024645,85.52072624821272,0.0
293,MIH119_2044,16,12,2,PHN11_PHW65_0431/PHT69,PHN11_PHW65_0431/PHT69,WIPV17/30342,1.0,70,46.0,45.0,53.0,35.0,0.21193243093789202,1.4281480067421146,-1.6851654688770579,1.462191389040137,37.47665940288702,43.22586055615179,37.476659402887016,15.73292659298076,76.37949587609037,0.0
294,MIH119_2045,17,12,2,PHN11_PHW65_0443/PHT69,PHN11_PHW65_0432/PHT69,WIPV17/30943,,85,60.0,55.0,55.0,40.0,0.048340309313139374,1.7020005177911752,-0.6973065702742317,1.3501797746500959,45.05336243589455,59.771681885504734,31.54670399930753,5.22934456485949,86.73470050681318,0.0
296,MIH119_2047,19,12,2,PHN11_PHW65_0451/PHT69,PHN11_PHW65_0451/PHT69,WIPV17/30946,1.0,65,58.0,45.0,59.0,25.0,0.013980190010891739,2.144506920509559,-0.6858669824677184,1.3517701442649155,41.71930009000631,52.565851648125694,41.7193000900063,24.511859180960567,82.69571066736717,0.0
299,MIH119_2050,22,12,2,PHN11_PHW65_0470/PHT69,PHN11_PHW65_0464/PHT69,WIPV17/30949,,45,54.0,30.0,58.0,20.0,0.24055800657693946,1.5862568277145446,-0.11576807628225702,2.094703924240373,29.000000000000007,38.18376618407357,50.22947341949744,38.18376618407356,75.12006786538208,0.0
304,MIH119_2055,27,12,2,PHN11_PHW65_0499/PHT69,PHN11_PHW65_0499/PHT69,WIPV17/30957,1.0,60,39.0,30.0,52.0,15.0,0.0402429807266154,2.1547005383792524,-1.105567332252946,1.5308434825693304,26.000000000000007,33.77499074759311,45.033320996790806,19.499999999999996,81.56699270667755,0.0
305,MIH119_2056,28,12,2,PHN11_PHW65_0512/PHT69,PHN11_PHW65_0512/PHT69,WIPV17/30359,1.0,85,44.0,45.0,46.0,30.0,0.07815583587920755,1.7320508075688767,-0.8106463754732586,1.4705559361971743,32.526911934581186,43.8325667160368,32.526911934581186,3.8348526808969594,78.57670784414672,0.0
306,MIH119_2057,29,12,2,PHN11_PHW65_0514/PHT69,PHN11_PHW65_0505/PHT69,WIPV17/30958,,85,61.0,45.0,44.0,30.0,0.08074093357781183,1.7320508075688772,-0.03022544444371105,1.9911568069451016,31.112698372208094,60.767876583596475,31.112698372208087,5.316500307607148,86.35010618595719,0.0
307,MIH119_2058,30,12,2,PHN11_PHW65_0514/PHT69,PHN11_PHW65_0514/PHT69,WIPV17/30960,1.0,80,58.0,50.0,53.0,25.0,0.002638671570188426,2.5557238268604126,-0.3820563117999695,1.4762379202062768,40.60035548530583,57.118849674708066,34.06774331338658,10.071594304681959,86.29093142695402,0.0
309,MIH119_2060,29,13,2,PHN11_PHW65_0548/PHT69,PHN11_PHW65_0548/PHT69,WIPV17/30962,1.0,75,53.0,40.0,57.0,25.0,0.06697072331259774,1.7994549660566954,-0.612308025877152,1.4525880003828526,36.638893752132745,51.19406879332062,43.66453325778175,13.717409390433598,92.71487361605762,0.0
310,MIH119_2061,28,13,2,PHN11_PHW65_0552/PHT69,PHN11_PHW65_0552/PHT69,WIPV17/30963,1.0,80,58.0,55.0,56.0,35.0,0.01311793799583478,2.0396067291614743,-0.9222237836399636,1.311638380807124,45.87251448018354,57.118849674708066,32.12028043565858,10.071594304681959,83.12595071201541,0.0
312,MIH119_2063,26,13,2,PHN11_PHW65_0604/PHT69,PHN11_PHW65_0604/PHT69,WIPV17/30366,1.0,70,55.0,35.0,53.0,25.0,0.25761264481115714,1.5015999114836838,-0.08459701697356202,1.8550966178433828,30.399551126605445,51.68309414322496,43.41505834731657,18.81110788291178,87.72879510593336,0.0
314,MIH119_2065,24,13,2,PHN11_PHW65_0604/PHT69,PHW65_MoG_0001/PHT69,WIPV17/30973,,70,56.0,45.0,57.0,30.0,0.06680285438659815,1.7320508075688772,-0.7924588200134577,1.3079643522847895,40.305086527633215,52.62278676401087,40.30508652763321,19.153128026237447,83.41203413243115,0.0
316,MIH119_2067,22,13,2,PHN11_PHW65_0604/PHT69,PHN11_PHW65_0663/PHT69,WIPV17/30972,,85,56.0,50.0,46.0,35.0,0.06883517911274512,1.702000517791175,-0.45775871050436123,1.3192084574204312,35.23804438347299,55.78690309313775,29.568230045580805,4.8807215938688575,79.65748317606267,0.0
317,MIH119_2068,21,13,2,PHN11_PHW65_0604/PHT69,PHN11_PHW65_0637/PHT69,WIPV17/30970,,85,65.0,55.0,52.0,40.0,0.050281670573918934,1.7020005177911752,-0.41775578244656264,1.3096855108811303,42.595906303027576,64.75265537596346,29.825974690254395,5.665123278597781,86.3088321399369,0.0
319,MIH119_2070,19,13,2,PHN11_PHW65_0614/PHT69,PHW65_MoG_0012/PHT69,WIPV17/30978,,55,54.0,35.0,54.0,25.0,0.2552085637089751,1.501599911483684,-0.051903970313120704,2.1445069205095577,30.973127562956492,44.23421039160556,44.23421039160556,30.973127562956485,74.71692066242359,0.0
320,MIH119_2071,18,13,2,PHN11_PHW65_0614/PHT69,PHW65_MoG_0015/PHT69,WIPV17/30980,,55,47.0,35.0,57.0,20.0,0.056977411904299315,1.923804400163087,-2.0972085347613794,1.274467646358649,32.69385687200963,38.50014608158261,46.69166652447253,26.958092508499163,79.99205163022614,0.0
323,MIH119_2074,15,13,2,PHW52/PHM49,PHW52/PHM49,,1.0,80,39.0,35.0,47.0,25.0,0.27361484880136777,1.501599911483684,-1.258937173134988,1.3236297577178797,26.95809250849917,38.40750236747611,38.50014608158261,6.772278929010283,81.72528829812688,0.0
324,MIH119_2075,14,13,2,PHW52/PHM49,PHW52/PHM49,,1.0,75,42.0,45.0,44.0,30.0,0.08074093357781183,1.7320508075688772,-0.8006348846086294,1.4377393471409396,31.112698372208094,40.56888470414087,31.112698372208087,10.870399894305871,67.9433461445448,0.0
326,MIH119_2077,12,13,2,PHW65/PHT69,PHW65/PHT69,,1.0,65,52.0,40.0,53.0,25.0,0.07098179143713522,1.7994549660566954,-0.3907193813046972,1.5038397663776573,34.067743313386586,47.1280049259058,40.60035548530583,21.97614961051637,78.03154930251928,0.0
328,MIH119_2079,10,13,2,PHW65/PHT69,PHW65/PHT69,,1.0,60,62.0,40.0,53.0,25.0,0.07098179143713522,1.7994549660566954,-2.0632865829297234e-05,4.3839764070604,34.067743313386586,53.6935750346352,40.60035548530583,30.999999999999996,78.69606241113263,0.0
329,MIH119_2080,9,13,2,PHW65/PHT69,PHW65/PHT69,,1.0,70,50.0,45.0,52.0,30.0,0.07144683456102265,1.732050807568877,-0.8477861674094926,1.352982056603332,36.76955262170048,46.98463103929542,36.76955262170047,17.101007166283434,75.95190499891663,0.0
332,MIH119_2083,6,13,2,PHW65_MoG_0009/PHT69,PHW65_MoG_0009/PHT69,WIPV17/30977,1.0,40,61.0,35.0,54.0,25.0,0.2552085637089751,1.501599911483684,0.0,0.0,30.973127562956492,39.210044190878904,44.23421039160556,46.72871103025766,96.1768118649775,1.0
333,MIH119_2084,5,13,2,PHW65_MoG_0016/PHT69,PHW65_MoG_0016/PHT69,WIPV17/30981,1.0,70,61.0,45.0,56.0,35.0,0.20699481984020812,1.4281480067421148,-0.38531114814285256,1.3510429304411615,39.59797974644666,57.321249867940416,39.597979746446654,20.863228742865793,82.85782208384444,0.0
334,MIH119_2085,4,13,2,PHW65_MoG_0017/PHT69,PHW65_MoG_0017/PHT69,WIPV17/30982,1.0,85,48.0,40.0,46.0,25.0,0.07949281139192438,1.7994549660566954,-0.7992687794340002,1.260212458316884,29.568230045580812,47.81734550840379,35.23804438347299,4.183475651887592,83.84342079543849,0.0
335,MIH119_2086,3,13,2,PHW65_MoG_0018/PHT69,PHW65_MoG_0018/PHT69,WIPV17/30983,1.0,85,43.0,50.0,46.0,30.0,0.018946018662251225,2.0641777724759116,-1.5583043581013722,1.3844532497483928,35.23804438347299,42.83637201794506,29.568230045580805,3.7476969381493013,75.15852162165282,0.0
336,MIH119_2087,3,14,2,PHW65_MoG_0021/PHT69,PHW65_MoG_0021/PHT69,WIPV17/30984,1.0,85,68.0,45.0,53.0,40.0,0.49914382064251167,1.1917535925942102,-0.444268028119457,1.2501262286339914,37.47665940288702,67.7412394702387,37.476659402887016,5.926590506840755,97.17511305227626,0.0
339,MIH119_2090,6,14,2,PHW65_MoG_0025/PHT69,PHW65_MoG_0025/PHT69,WIPV17/30387,1.0,60,56.0,35.0,52.0,20.0,0.06202063330242455,1.923804400163087,-0.0004971595827772819,3.5146417418890836,29.8259746902544,48.49742261192857,42.595906303027576,27.999999999999996,80.3285337658489,0.0
341,MIH119_2092,8,14,2,PHW65_MoG_0034/PHT69,PHW65_MoG_0050/PHT69,WIPV17/30397,,75,50.0,45.0,53.0,30.0,0.07045747624659958,1.7320508075688772,-0.9686898053860938,1.3571813036398535,37.47665940288702,48.29629131445341,37.476659402887016,12.940952255126037,81.64489696267046,0.0
345,MIH119_2096,12,14,2,PHW65_MoG_0041/PHT69,PHW65_MoG_0041/PHT69,WIPV17/30995,1.0,70,44.0,40.0,48.0,25.0,0.07683360424504451,1.7994549660566954,-0.7294852700017629,1.443714776099494,30.85380526495389,41.34647531457997,36.770133269710946,15.048886306329424,74.10125720741758,0.0
346,MIH119_2097,13,14,2,PHW65_MoG_0048/PHT69,PHW65_MoG_0048/PHT69,WIPV17/30396,1.0,65,55.0,40.0,57.0,30.0,0.23289092722244886,1.4533631938113545,-0.7713519568725132,1.2694199797841297,36.638893752132745,49.84692828701575,43.66453325778175,23.244004395738468,82.36803083921188,0.0
348,MIH119_2099,15,14,2,PHW65_MoG_0052/PHT69,PHW65_MoG_0052/PHT69,WIPV17/30999,1.0,55,59.0,40.0,62.0,30.0,0.22418016349357978,1.4533631938113547,-0.6931394290558247,1.3944866038012809,39.85283180056544,48.32997061305051,47.494755473376635,33.84100974471172,79.2338839535485,0.0
350,MIH119_2101,17,14,2,PHW65_MoG_0057/PHT69,PHW65_MoG_0057/PHT69,WIPV17/31003,1.0,50,66.0,40.0,71.0,35.0,0.5585282456458904,1.198358465723876,-1.1714086112518405,1.4582819207031859,45.63792028774429,50.55893324585255,54.38915546144744,42.42398223931159,84.35025122591118,0.0
351,MIH119_2102,18,14,2,PHW65_MoG_0059/PHT69,PHW65_MoG_0059/PHT69,WIPV17/31004,1.0,60,41.0,40.0,50.0,30.0,0.2471446053240466,1.4533631938113545,-2.001554474270937,1.79984018318269,32.13938048432697,35.50704155516199,38.302222155948904,20.499999999999996,69.08132247366086,0.0
352,MIH119_2103,19,14,2,PHW65_MoG_0060/PHT69,PHW65_MoG_0060/PHT69,WIPV17/31005,1.0,80,60.0,45.0,57.0,30.0,0.06680285438659815,1.7320508075688772,-0.47574841506176996,1.411626939069236,40.305086527633215,59.088465180732484,40.30508652763321,10.418890660015819,94.49362185833452,0.0
355,MIH119_2106,22,14,2,PHW65_MoG_0063/PHT69,PHW65_MoG_0063/PHT69,WIPV17/31008,1.0,80,47.0,50.0,55.0,35.0,0.06072000469125572,1.702000517791175,-1.9843623171563312,1.838272756573266,42.13244437154379,46.28596439157378,35.35331853275966,8.161464350345726,84.20978457601952,0.0
356,MIH119_2107,23,14,2,PHW65_MoG_0067/PHT69,PHW65_MoG_0067/PHT69,WIPV17/30410,1.0,50,66.0,40.0,68.0,30.0,0.21498566821724296,1.4533631938113547,-0.6656802325778886,1.3905659876390568,43.70955745868468,50.55893324585255,52.09102213209051,42.42398223931159,81.06307499464508,0.0
357,MIH119_2108,24,14,2,PHW65_MoG_0071/PHT69,PHW65_MoG_0069/PHT69,WIPV17/30412,,35,63.0,25.0,64.0,20.0,0.8485086979105241,1.2811697612996233,-0.0011616271335165575,3.903065847924682,27.047568751404764,36.13531549011591,58.003698370345596,51.606578790206484,76.65304184397122,0.0
360,MIH119_2111,27,14,2,PHW65_MoG_0072/PHT69,PHW65_MoG_0075/PHT69,WIPV17/31015,,60,65.0,45.0,64.0,30.0,0.061371836185320605,1.732050807568877,-0.3489079694247965,1.4987516291489693,45.254833995939045,56.29165124598852,45.25483399593904,32.49999999999999,83.14962186528525,0.0
361,MIH119_2112,28,14,2,PHW65_MoG_0085/PHT69,PHW65_MoG_0082/PHT69,WIPV17/31017,,65,66.0,40.0,62.0,25.0,0.06261688015497086,1.7994549660566952,-0.028346917733989084,2.1840595033375627,39.85283180056544,59.816313944418894,47.494755473376635,27.892805274886165,93.72438053618089,0.0
362,MIH119_2113,29,14,2,PHW65_MoG_0085/PHT69,PHW65_MoG_0085/PHT69,WIPV17/31018,1.0,80,67.0,50.0,62.0,35.0,0.05582225952429636,1.702000517791175,-0.6365747093534566,1.2997991717643798,47.494755473376635,65.98211945181794,39.85283180056543,11.634427903684331,97.66884674149993,0.0
363,MIH119_2114,30,14,2,PHW65_MoG_0086/PHT69,PHW65_MoG_0086/PHT69,WIPV17/31019,1.0,75,42.0,30.0,52.0,25.0,0.7972796742137994,1.2381316478352093,-1.12390224992889,1.2745340630732418,26.000000000000007,40.56888470414087,45.033320996790806,10.870399894305871,89.53597876565237,0.0
366,MIH119_2117,28,15,2,PHW65_MoG_0096/PHT69,PHW65_MoG_0096/PHT69,WIPV17/30422,1.0,70,77.0,48.0,52.0,28.0,0.01684590386573081,2.0887583493841086,-8.603951032153178e-08,5.231483479825146,38.6435309248245,72.35633180051495,34.79479153066063,26.33555103607649,90.85340572851402,0.0
369,MIH119_2120,25,15,2,PHW65_MoG_0109/PHT69,PHW65_MoG_0109/PHT69,WIPV17/31026,1.0,84,54.0,54.0,61.0,30.0,0.0032946790526376876,2.3839634168752974,-4.01827627233623,1.3712820497426144,49.350036656871794,53.70418234988676,35.854900389840864,5.644537016453286,94.99650735865455,0.0
370,MIH119_2121,24,15,2,PHW65_MoG_0116/PHT69,PHW65_MoG_0116/PHT69,WIPV17/30429,1.0,87,50.0,44.0,44.0,27.0,0.04847133524496469,1.8952709344847611,-0.5998143528090556,1.3091104254774466,30.564968300195883,49.931476737728694,31.650951214900648,2.6167978121471913,80.95055729127532,0.0
372,MIH119_2123,22,15,2,PHW65_MoG_0117/PHT69,PHW65_MoG_0129/PHT69,WIPV17/31040,,60,37.0,33.0,47.0,25.0,0.4310598007913856,1.392659077843518,-1.404474318646299,1.4495456580609176,25.598034645706278,32.04293994002423,39.417516693434926,18.499999999999996,69.58904684832925,0.0
374,MIH119_2125,20,15,2,PHW65_MoG_0118/PHT69,PHW65_MoG_0119/PHT69,WIPV17/31032,,57,62.0,44.0,56.0,20.0,0.0024357304095926403,2.653208103003236,-4.4603093939161035e-05,4.622942993815708,38.90086874570385,51.99757521261629,40.28302881896446,33.76762017093167,76.50738914965652,0.0
375,MIH119_2126,19,15,2,PHW65_MoG_0118/PHT69,PHW65_MoG_0118/PHT69,WIPV17/31031,1.0,66,56.0,45.0,58.0,14.0,1.3927472352148796e-05,4.010780933535846,-0.10354501989490579,2.231693305987852,41.01219330881976,51.158545627985646,41.012193308819754,22.77725201224481,87.6316626392156,0.0
376,MIH119_2127,18,15,2,PHW65_MoG_0121/PHT69,PHW65_MoG_0121/PHT69,WIPV17/30433,1.0,76,37.0,42.0,43.0,22.0,0.01790986530687361,2.228578212804447,-1.2490871679554012,1.4832723424002616,28.772616073430903,35.90094187221187,31.955227495527947,8.951110137187706,69.82230165828568,0.0
377,MIH119_2128,17,15,2,PHW65_MoG_0125/PHT69,PHW65_MoG_0125/PHT69,WIPV17/31036,1.0,70,48.0,49.0,49.0,22.0,0.0011033190443152949,2.8472617212981635,-1.0805991513921818,1.2783776117749663,36.98076943091583,45.105245797723605,32.146892420534854,16.4169668796321,70.8998924351315,0.0
379,MIH119_2130,15,15,2,PHW65_MoG_0127/PHT69,PHW65_MoG_0127/PHT69,WIPV17/31038,1.0,70,53.0,40.0,50.0,20.0,0.012849574022988504,2.3054072893322783,-0.020177267094641637,2.4055500200928166,32.13938048432697,49.803708901653145,38.302222155948904,18.127067596260442,81.83157530945456,0.0
380,MIH119_2131,14,15,2,PHW65_MoG_0128/PHT69,PHW65_MoG_0128/PHT69,WIPV17/31039,1.0,77,56.0,42.0,48.0,23.0,0.02270719276370015,2.1212189979563423,-0.018473210300261764,2.2918105894498226,32.118269105225195,54.56472362797317,35.67095162291492,12.59725904325644,84.74042390557307,0.0
381,MIH119_2132,13,15,2,PHW65_MoG_0130/PHT69,PHW65_MoG_0130/PHT69,WIPV17/31041,1.0,87,49.0,49.0,46.0,26.0,0.007017480298547003,2.358604764556692,-0.5949464903676702,1.4457659020454245,34.716640690247516,48.932847202974116,30.178715333563336,2.5644618559042476,80.265274232774,0.0
382,MIH119_2133,12,15,2,PHW65_MoG_0133/PHT69,PHW65_MoG_0132/PHT69,WIPV17/31042,,80,60.0,55.0,59.0,26.0,0.00039611929008003693,2.9281373445671717,-1.0932470574374717,1.2899500134574855,48.32997061305051,59.088465180732484,33.84100974471172,10.418890660015819,89.4276821398846,0.0
384,MIH119_2135,10,15,2,PHW65_MoG_0138/PHT69,PHW65_MoG_0138/PHT69,WIPV17/30445,1.0,87,55.0,50.0,47.0,21.0,0.0004449157048200146,3.1046242518767295,-0.13612672391012073,1.8033333249951087,36.00408882659197,54.92462441150156,30.211017655267344,2.8784775933619104,85.75136174611538,0.0
390,MIH119_2141,4,15,2,PHW65_MoG_0156/PHT69,PHW65_MoG_0156/PHT69,WIPV17/31057,1.0,78,46.0,50.0,51.0,28.0,0.008867122294892183,2.241362521763501,-1.4937605113419583,1.541858406394061,39.068266599067876,44.99478963375506,32.7821680940135,9.563937777616928,77.93254733076958,0.0
391,MIH119_2142,3,15,2,PHW65_MoG_0159/PHT69,PHW65_MoG_0159/PHT69,WIPV17/31059,1.0,80,59.0,55.0,53.0,27.0,0.0007811379523228203,2.8028982814483148,-0.4316791845356916,1.4303640663242907,43.41505834731657,58.10365742772027,30.39955112660544,10.245242482348889,82.09720921389898,0.0
392,MIH119_2143,3,16,2,PHW65_MoG_0160/PHT69,PHW65_MoG_0160/PHT69,WIPV17/30460,1.0,73,46.0,45.0,53.0,35.0,0.21193243093789202,1.4281480067421146,-1.4479281054580564,1.4990847055928365,37.47665940288702,43.990018774299635,37.476659402887016,13.449098417245889,78.82588808397531,0.0
393,MIH119_2144,4,16,2,PHW65_MoG_0170/PHT69,PHW65_MoG_0170/PHT69,WIPV17/30463,1.0,75,52.0,37.0,50.0,24.0,0.1256191283027545,1.6925101076553353,-0.15664708802397356,1.7084956821857364,30.09075115760242,50.22814296703155,39.931775502364644,13.458590345331078,85.70222172392184,0.0
394,MIH119_2145,5,16,2,PHW65_MoG_0172/PHT69,PHW65_MoG_0172/PHT69,WIPV17/30464,1.0,83,52.0,40.0,49.0,19.0,0.008381044768928083,2.436922276318827,-0.11304379266161492,1.8725150881193782,31.496592874640427,51.612399885348744,37.536177712829925,6.337205857067668,90.96401043183224,0.0
395,MIH119_2146,6,16,2,PHW65_MoG_0173/PHT69,PHW65_MoG_0175/PHT69,WIPV17/30466,,70,43.0,45.0,49.0,23.0,0.00817372010740623,2.3558523658237536,-2.21279244088007,1.2558170254807666,34.64823227814083,40.406782693794064,34.648232278140824,14.706866163003754,72.96547431971304,0.0
396,MIH119_2147,7,16,2,PHW65_MoG_0175/PHT69,PHW65_MoG_0157/PHT69,WIPV17/31058,,50,66.0,40.0,70.0,17.0,0.0015564007910515857,2.744571225805283,-0.6886041141316088,1.624981015486878,44.99513267805776,50.55893324585255,53.62311101832846,42.42398223931159,88.7268845516131,0.0
398,MIH119_2149,9,16,2,PHW65_MoG_0179/PHT69,PHW65_MoG_0179/PHT69,WIPV17/31069,1.0,70,56.0,44.0,55.0,22.0,0.006542410432565361,2.390163591016678,-0.19226565955739847,1.748226259161293,38.20621037524486,52.62278676401087,39.56368901862581,19.153128026237447,84.45654816864696,0.0
399,MIH119_2150,10,16,2,PHW65_MoG_0180/PHT69,PHW65_MoG_0180/PHT69,WIPV17/31070,1.0,63,34.0,35.0,49.0,22.0,0.12379530459026467,1.7330744724858407,-2.057651910388006,3.1723793585374715,28.10524538120126,30.29422182240451,40.138450170160596,15.43567699114459,75.67795787688863,0.0
400,MIH119_2151,11,16,2,PHW65_MoG_0181/PHT69,PHW65_MoG_0190/PHT69,WIPV17/30473,,72,51.0,38.0,51.0,17.0,0.006008803619256991,2.555470137243519,-0.03661842877544105,2.290275659835562,31.398735241608573,48.50388233105283,40.18854843394282,15.759866713122317,86.53384020626157,0.0
402,MIH119_2153,13,16,2,PHW65_MoG_0191/PHT69,PHW65_MoG_0191/PHT69,WIPV17/31074,1.0,80,63.0,49.0,55.0,29.0,0.015817678506504746,2.075319542782225,-0.2929184124718689,1.4733110875168565,41.50902691225246,62.04288843976911,36.0832465944779,10.939835193016611,90.60944759851937,0.0
403,MIH119_2154,14,16,2,PHW65_MoG_0192/PHT69,PHW65_MoG_0192/PHT69,WIPV17/31075,1.0,85,55.0,54.0,50.0,31.0,0.0061266762207681505,2.290684190118376,-0.5425323417639765,1.4322258811748863,40.45084971874737,54.790708395046,29.389262614623657,4.793565851121199,81.44070572288466,0.0
404,MIH119_2155,15,16,2,PHW65_MoG_0195/PHT69,PHW65_MoG_0195/PHT69,WIPV17/30477,1.0,70,55.0,45.0,53.0,26.0,0.0222368317788613,2.0503038415792965,-0.29688831274057287,1.560495423459049,37.47665940288702,51.68309414322496,37.476659402887016,18.81110788291178,79.53084536171909,0.0
405,MIH119_2156,16,16,2,PHW65_MoG_0196/PHT69,PHW65_MoG_0196/PHT69,WIPV17/30478,1.0,75,54.0,40.0,58.0,22.0,0.024206402365390213,2.0768444658333474,-0.6046093999303224,1.4516814296417972,37.28168136181928,52.15999461960969,44.43057770090073,13.97622843553612,95.26910788945077,0.0
406,MIH119_2157,17,16,2,PHW65_MoG_0199/PHT69,PHW65_MoG_0199/PHT69,WIPV17/31079,1.0,64,47.0,43.0,54.0,25.0,0.029140948551395058,1.9997850557017824,-1.9352458152622396,1.3487537832685634,36.827911443374916,42.24332017606085,39.49309988743521,20.60344389908664,76.23724360916553,0.0
407,MIH119_2158,18,16,2,PHW65_MoG_0200/PHT69,PHW65_MoG_0200/PHT69,WIPV17/30480,1.0,85,42.0,56.0,42.0,34.0,0.009591861178888947,2.1979870253574343,-1.3486695243942368,1.3792007801618997,34.81957804731175,41.84017731985331,23.486101945771367,3.660541195401643,65.06077151680223,0.0
409,MIH119_2160,20,16,2,PHW65_MoG_0206/PHT69,PHW65_MoG_0206/PHT69,WIPV17/31083,1.0,65,63.0,49.0,62.0,26.0,0.004677997928462438,2.3586047645566923,-0.42098871694226464,1.5037813248189362,46.79199397381186,57.09739058330894,40.67565979741145,26.624950489664066,83.54909655364688,0.0
410,MIH119_2161,21,16,2,PHW65_MoG_0209/PHT69,PHW65_MoG_0209/PHT69,WIPV17/31084,1.0,80,55.0,42.0,52.0,21.0,0.009359454774091912,2.3456327296063777,-0.17035784195499568,1.7344319993759494,34.79479153066063,54.16442641567144,38.643530924824496,9.550649771681169,91.40732462578876,0.0
412,MIH119_2163,23,16,2,PHW65_MoG_0215/PHT69,PHW65_MoG_0215/PHT69,WIPV17/30486,1.0,83,54.0,47.0,45.0,21.0,0.0017706413637975627,2.7936159998050996,-0.027621283462469986,2.235281966072984,32.91091657286267,53.597492188631385,30.68992620281243,6.580944543877964,82.43248762072614,0.0
413,MIH119_2164,24,16,2,PHW65_MoG_0218/PHT69,PHW65_MoG_0218/PHT69,WIPV17/30488,1.0,86,47.0,54.0,49.0,30.0,0.004461436862460076,2.383963416875298,-1.814229451294113,1.3352241743500937,39.64183272437243,46.88551036221174,28.801477362331184,3.2785542659738893,78.38293207064248,0.0
414,MIH119_2165,25,16,2,PHW65_MoG_0221/PHT69,PHW65_MoG_0221/PHT69,WIPV17/31089,1.0,85,56.0,49.0,46.0,31.0,0.03390690318329395,1.9145345372821712,-0.37006791944319317,1.3861496593640643,34.716640690247516,55.78690309313775,30.178715333563336,4.8807215938688575,81.1167548225387,0.0
415,MIH119_2166,26,16,2,PHW65_MoG_0224/PHT69,PHW65_MoG_0236/PHT69,WIPV17/30493,,80,54.0,45.0,52.0,27.0,0.031120349955341634,1.9626105055051506,-0.618119390900926,1.3550704592730634,36.76955262170048,53.17961866265923,36.76955262170047,9.377001594014239,86.50472164259295,0.0
416,MIH119_2167,27,16,2,PHW65_MoG_0241/PHT69,PHW65_MoG_0241/PHT69,WIPV17/30494,1.0,46,42.0,45.0,44.0,27.0,0.0365495897390453,1.9626105055051508,0.0,0.0,31.112698372208094,30.21227161422335,31.112698372208087,29.175651559277885,80.36575062130002,1.0
417,MIH119_2168,28,16,2,PHW65_MoG_0253/PHT69,PHW65_MoG_0268/PHT69,WIPV17/30500,,66,57.0,44.0,53.0,21.0,0.004380229985047165,2.515705267147465,-0.010632726538286381,2.6598683377467016,36.81689363432686,52.07209108562825,38.125009417948505,23.183988655320608,79.91213058719973,0.0
418,MIH119_2169,29,16,2,PHW65_MoG_0262/PHT69,PHW65_MoG_0262/PHT69,WIPV17/31098,1.0,60,56.0,40.0,58.0,14.0,0.00022850759042301893,3.3654448020627945,-0.02194916977289774,2.737814943594089,37.28168136181928,48.49742261192857,44.43057770090073,27.999999999999996,86.01480621135569,0.0
419,MIH119_2170,30,16,2,PHW65_MoG_0266/PHT69,PHW65_MoG_0266/PHT69,WIPV17/30499,1.0,60,64.0,44.0,62.0,19.0,0.0011646928750133306,2.8045638442441425,-0.009776609345444196,2.848367356665968,43.06881896845783,55.42562584220408,44.599067620996365,31.999999999999996,86.5798610593217,0.0
420,MIH119_2171,30,17,2,PHW65_MoG_0277/PHT69,PHW65_MoG_0277/PHT69,WIPV17/31102,1.0,46,77.0,39.0,46.0,21.0,0.029502967421875945,2.1095595296399563,0.0,0.0,28.948737988292525,55.389164626076145,35.748714227020656,53.48869452534279,84.7632302397028,1.0
421,MIH119_2172,29,17,2,PHW65_MoG_0287/PHT69,PHW65_MoG_0287/PHT69,WIPV17/31103,1.0,75,62.0,43.0,54.0,27.0,0.05372302331454403,1.830163904595815,-0.05488590352137956,1.930230358584782,36.827911443374916,59.88740122992223,39.49309988743521,16.046780796356288,90.26302803567584,0.0
422,MIH119_2173,28,17,2,PHW65_MoG_0291/PHT69,PHW65_MoG_0291/PHT69,WIPV17/31104,1.0,76,67.0,54.0,57.0,26.0,0.000675703751446636,2.8220011390223365,-0.023919577567814515,2.2400832977280687,46.11396867937201,65.00981366049176,33.50375938067097,16.208767005177737,88.31919660483612,0.0
423,MIH119_2174,27,17,2,PHW65_MoG_0293/PHT69,PHW65_MoG_0293/PHT69,WIPV17/30505,1.0,80,56.0,49.0,51.0,33.0,0.05202415087218427,1.7714120057588192,-0.5177129866219973,1.3598778361288772,38.490188591361374,55.14923416868365,33.45901047851587,9.724297949348099,81.89912410509396,0.0
424,MIH119_2175,26,17,2,PHW65_MoG_0294/PHT69,PHW65_MoG_0294/PHT69,WIPV17/30506,1.0,88,36.0,48.0,44.0,26.0,0.01047723179355954,2.2770931056603367,-3.1331454074884015,1.8495165342989277,32.698372321005344,35.97806977268745,29.441746679789762,1.256381881290035,75.08908183682095,0.0
427,MIH119_2178,23,17,2,PHW65_MoG_0305/PHT69,PHW65_MoG_0305/PHT69,WIPV17/31110,1.0,84,45.0,46.0,46.0,23.0,0.00626837166875019,2.439556539625727,-0.7478423046268682,1.4637260040009366,33.089630815577955,44.7534852915723,31.954285041113874,4.703780847044405,79.09912117719831,0.0
428,MIH119_2179,22,17,2,PHW65_MoG_0306/PHT69,PHW65_MoG_0422/PHT69,WIPV17/31147,,80,64.0,55.0,44.0,36.0,0.021970709044396654,1.9656770962367902,-0.002435118941834764,2.629707641840508,36.04268994871564,63.02769619278131,25.237363199446026,11.113483370683541,77.54761050379622,0.0
429,MIH119_2180,21,17,2,PHW65_MoG_0306/PHT69,PHW65_MoG_0271/PHT69,WIPV17/31101,,86,41.0,45.0,46.0,27.0,0.035018630779306524,1.9626105055051504,-1.4546575349657274,1.4189212557611306,32.526911934581186,40.900126060652795,32.526911934581186,2.8600154235091373,79.00490731041874,0.0
430,MIH119_2181,20,17,2,PHW65_MoG_0307/PHT69,PHW65_MoG_0307/PHT69,WIPV17/30512,1.0,49,60.0,23.0,51.0,23.0,2.355852365823753,1.0,-4.6078321422458145e-07,5.139563159824617,19.927287552952958,45.282574813366324,46.945747526074456,39.36354173943044,78.97929629893615,0.0
431,MIH119_2182,19,17,2,PHW65_MoG_0308/PHT69,PHW65_MoG_0312/PHT69,WIPV17/30516,,80,41.0,48.0,41.0,23.0,0.0035964367260246034,2.6164391205738218,-0.8858193289604718,1.3659390653889587,30.468937844573166,40.37711787350053,27.43435486071319,7.119575284344144,66.85194616242401,0.0
435,MIH119_2186,15,17,2,PHW65_MoG_0314/PHT69,PHW65_MoG_0314/PHT69,WIPV17/31117,1.0,76,53.0,42.0,51.0,26.0,0.056029893913001526,1.8461018709973962,-0.4448851103734323,1.4143687211879188,34.12566092430177,51.425673492627816,37.9003860993471,12.82186046678239,83.80223788844214,0.0
436,MIH119_2187,14,17,2,PHW65_MoG_0315/PHT69,PHW65_MoG_0315/PHT69,WIPV17/31118,1.0,80,47.0,46.0,45.0,25.0,0.013848359140032431,2.2207019243213115,-0.7694813190888978,1.2919754154148,32.3702910152393,46.28596439157378,31.259626670654875,8.161464350345726,74.71272271948848,0.0
437,MIH119_2188,13,17,2,PHW65_MoG_0326/PHT69,PHW65_MoG_0326/PHT69,WIPV17/31121,1.0,88,47.0,45.0,46.0,32.0,0.12363698633505527,1.6003345290410507,-1.0750909268709181,1.2575009703523186,32.526911934581186,46.9713688698975,32.526911934581186,1.6402763450175455,81.32387797861327,0.0
438,MIH119_2189,12,17,2,PHW65_MoG_0332/PHT69,PHW65_MoG_0332/PHT69,WIPV17/31124,1.0,74,42.0,48.0,44.0,28.0,0.020206191406172084,2.088758349384108,-1.344978552164274,1.2691694995195577,32.698372321005344,40.372991229409394,29.441746679789762,11.576768944313965,65.67079572738254,0.0
439,MIH119_2190,11,17,2,PHW65_MoG_0338/PHT69,PHW65_MoG_0338/PHT69,WIPV17/30526,1.0,68,45.0,42.0,47.0,30.0,0.16128064307530496,1.5595455520643564,-0.9225061480823862,1.277002409615647,31.449138498866336,41.723273455505435,34.927806797437526,16.85729670371604,68.92514809823618,0.0
441,MIH119_2192,9,17,2,PHW65_MoG_0343/PHT69,PHW65_MoG_0343/PHT69,WIPV17/30529,1.0,82,63.0,55.0,50.0,36.0,0.019419241417387077,1.9656770962367898,-0.21252659828925216,1.481342259791696,40.95760221444959,62.38688833071893,28.678821817552304,8.767905360484123,81.54452478736914,0.0
442,MIH119_2193,8,17,2,PHW65_MoG_0350/PHT69,PHW65_MoG_0350/PHT69,WIPV17/31130,1.0,58,50.0,35.0,56.0,21.0,0.08185248181622815,1.8241030008062828,-0.7730161003783996,1.3823847903860802,32.120280435658586,42.4024048078213,45.87251448018354,26.495963211660246,80.1597865477559,0.0
443,MIH119_2194,7,17,2,PHW65_MoG_0352/PHT69,PHW65_MoG_0352/PHT69,WIPV17/30531,1.0,61,65.0,31.0,59.0,23.0,0.4028193379570572,1.4155389108664036,-0.00042354799287747314,3.2708394433947325,30.38724641969321,56.85028096406072,50.57287074142462,31.51262531601191,95.29353610928172,0.0
444,MIH119_2195,6,17,2,PHW65_MoG_0375/PHT69,PHW65_MoG_0375/PHT69,WIPV17/31134,1.0,73,43.0,34.0,47.0,23.0,0.2161587383392992,1.5890424851715015,-0.7411373326786347,1.324550859276904,26.282066463125098,41.12110450641053,38.96476591008696,12.571983303077678,78.55763730054842,0.0
446,MIH119_2197,4,17,2,PHW65_MoG_0381/PHT69,PHW65_MoG_0381/PHT69,WIPV17/31137,1.0,81,44.0,47.0,46.0,27.0,0.019186426452482953,2.1046420960694476,-1.3544244718935836,1.2674343475599728,33.64227027448184,43.45828698618606,31.37192456287493,6.883116461770158,74.79706104936538,0.0
449,MIH119_2200,4,18,2,PHW65_MoG_0393/PHT69,PHW65_MoG_0420/PHT69,WIPV17/31145,,66,53.0,40.0,52.0,21.0,0.01856719273113224,2.1859292733685356,-0.05611453802134724,2.136970213184364,33.42495570370005,48.41790925505784,39.834311042186854,21.557042083017407,79.90047355131198,0.0
450,MIH119_2201,5,18,2,PHW65_MoG_0410/PHT69,PHW65_MoG_0410/PHT69,WIPV17/31143,1.0,75,55.0,43.0,56.0,22.0,0.009141917044755692,2.30805583031169,-0.6347516449434952,1.3833056294694694,38.19190816349992,53.12592044589876,40.95580729067355,14.235047480638642,90.45458566112744,0.0
452,MIH119_2203,7,18,2,PHW65_MoG_0421/PHT69,PHW65_MoG_0421/PHT69,WIPV17/31146,1.0,78,40.0,37.0,44.0,26.0,0.2225233179030808,1.5450147637633964,-0.9322474323215381,1.323996553885038,26.47986101869013,39.12590402935223,35.139962442080886,8.316467632710372,74.7525010186973,0.0
454,MIH119_2205,9,18,2,PHW65_MoG_0423/PHT69,PHW65_MoG_0354/PHT69,WIPV17/31132,,50,31.0,21.0,51.0,18.0,1.5377964942482836,1.1814120211421633,-1.940397312189801,1.5641141650114028,18.276765426810307,23.747377736688318,47.61260175135729,19.926415900282716,79.46543802036274,0.0
455,MIH119_2206,10,18,2,PHW65_MoG_0424/PHT69,PHW65_MoG_0424/PHT69,WIPV17/30549,1.0,65,58.0,41.0,52.0,26.0,0.07271267394094066,1.7823019379785443,-0.008271289633504557,2.5676786389508703,34.115069507506384,52.565851648125694,39.24489817158414,24.511859180960567,79.01099679267281,0.0
456,MIH119_2207,11,18,2,PHW65_MoG_0424/PHT69,PHW65_MoG_0379/PHT69,WIPV17/31136,,80,42.0,35.0,47.0,22.0,0.1276355097894745,1.7330744724858407,-0.8042750158407572,1.3714945428965284,26.95809250849917,41.361925626512736,38.50014608158261,7.293223462011074,83.09439111696042,0.0
458,MIH119_2209,13,18,2,PHW65_MoG_0429/PHT69,PHW65_MoG_0426/PHT69,WIPV17/31150,,71,54.0,46.0,46.0,30.0,0.06009290161653859,1.7935911162630085,-0.027622822323408406,2.1652281625957053,33.089630815577955,51.05800308236311,31.954285041113874,17.580680340686463,71.71229095554071,0.0
460,MIH119_2211,15,18,2,PHW65_MoG_0431/PHT69,PHW65_MoG_0438/PHT69,WIPV17/30554,,64,56.0,40.0,54.0,25.0,0.06992895981575174,1.7994549660566952,-0.07043651500528551,1.9920391651580553,34.71053092307312,50.332466592753356,41.36639992842481,24.548784220188335,79.92422586642678,0.0
461,MIH119_2212,16,18,2,PHW65_MoG_0436/PHT69,PHW65_MoG_0436/PHT69,WIPV17/30553,1.0,79,54.0,38.0,50.0,25.0,0.12643765987931171,1.675472432938302,-0.18100845588144931,1.6380199808059455,30.783073766282914,53.00786790617386,39.40053768033609,10.30368575033342,88.96621303331241,0.0
463,MIH119_2214,18,18,2,PHW65_MoG_0439/PHT69,PHW65_MoG_0442/PHT69,WIPV17/30556,,60,44.0,38.0,47.0,34.0,0.7513443319136031,1.1583035751188822,-0.8961490018018143,1.272718498455869,28.93608934030594,38.105117766515306,37.036505419515926,21.999999999999996,64.8373763485378,0.0
464,MIH119_2215,19,18,2,PHW65_MoG_0444/PHT69,PHW65_MoG_0444/PHT69,WIPV17/31157,1.0,76,64.0,47.0,58.0,32.0,0.0636918968361562,1.7161486745157093,-0.48809901171745196,1.3083275328346864,42.41851469391189,62.098926481663774,39.55590488362491,15.483001318378735,91.05495510741545,0.0
466,MIH119_2217,21,18,2,PHW65_MoG_0449/PHT69,PHW65_MoG_0449/PHT69,WIPV17/30559,1.0,60,41.0,27.0,54.0,20.0,0.5459884071251595,1.3999096671234097,-1.102068617799466,1.3437529130002213,24.515486985935528,35.50704155516199,48.11435230617186,20.499999999999996,84.44833347811895,0.0
467,MIH119_2218,22,18,2,PHW65_MoG_0460/PHT69,PHW65_MoG_0460/PHT69,WIPV17/31161,1.0,75,53.0,45.0,55.0,29.0,0.05268494515603745,1.8040477552714238,-0.841909369546393,1.3538104109154738,38.890872965260115,51.19406879332062,38.89087296526011,13.717409390433598,85.15981379888044,0.0
468,MIH119_2219,23,18,2,PHW65_MoG_0461/PHT69,PHW65_MoG_0461/PHT69,WIPV17/30562,1.0,80,49.0,28.0,44.0,20.0,0.4658720207123186,1.4608596572009636,-0.007603218071270568,2.499170490137471,20.6567487625792,48.255579897598196,38.849694085792784,8.508760705679586,88.59536660791042,0.0
470,MIH119_2221,25,18,2,PHW65_MoG_0476/PHT69,PHW65_MoG_0476/PHT69,WIPV17/31165,1.0,82,64.0,55.0,44.0,35.0,0.01685579143856349,2.039606729161475,-0.006005188910110962,2.3905072326232504,36.04268994871564,63.3771563994605,25.237363199446026,8.907078461444188,79.09957891342943,0.0
471,MIH119_2222,26,18,2,PHW65_MoG_0499/PHT69,PHW65_MoG_0467/PHT69,WIPV17/30564,,56,47.0,36.0,50.0,24.0,0.16258362535049886,1.6318412357053738,-0.4592169413386669,1.5179096286703007,29.389262614623657,38.96476591008696,40.45084971874737,26.282066463125098,68.67700980517587,0.0
472,MIH119_2223,27,18,2,PHW65_MoG_0499/PHT69,PHW65_MoG_0499/PHT69,WIPV17/30568,1.0,32,74.0,28.0,65.0,25.0,1.164433178148589,1.1402545558982458,0.0,0.0,30.515651581082906,39.214025553257166,57.391593535830246,62.75555911557552,113.92698189273158,1.0
475,MIH119_2226,30,18,2,PHW65_MoG_0513/PHT69,PHW65_MoG_0513/PHT69,WIPV17/31171,1.0,75,50.0,46.0,51.0,26.0,0.016891236052791792,2.1231517804366185,-0.6426420960506972,1.4499534853222371,36.68632981727121,48.29629131445341,35.42757689340886,12.940952255126037,79.26921697119731,0.0
476,MIH119_2227,30,19,2,PHW65_MoG_0517/PHT69,PHW65_MoG_0517/PHT69,WIPV17/30572,1.0,75,44.0,45.0,47.0,35.0,0.22311939895918015,1.4281480067421146,-1.2988190475503842,1.267752636432085,33.23401871576774,42.500736356719,33.23401871576773,11.388037984510913,71.4970225497294,0.0
478,MIH119_2229,28,19,2,PHW65_MoG_0534/PHT69,PHW65_MoG_0534/PHT69,WIPV17/31174,1.0,48,52.0,30.0,59.0,26.0,0.930016005355704,1.1837434748563307,-0.8505497891732481,1.3343961177789447,29.500000000000007,38.6435309248245,51.09549882328188,34.79479153066063,78.0065239909011,0.0
479,MIH119_2230,27,19,2,PHW65_MoG_0539/PHT69,PHW65_MoG_0539/PHT69,WIPV17/31175,1.0,42,67.0,30.0,68.0,24.0,0.6082671416859191,1.2967499360233974,-0.015576501820387412,2.6737493856306243,34.00000000000001,44.8317506260435,58.88972745734183,49.79070330698541,83.66136534666272,0.0
482,MIH119_2233,24,19,2,PHW65_MoG_0545/PHT69,PHW65_MoG_0545/PHT69,WIPV17/30578,1.0,74,47.0,44.0,54.0,24.0,0.014962604003312145,2.168972500363195,-1.0954463467984001,1.5525949314963936,37.511552004785855,45.17929970910099,38.84434921828716,12.95495572339896,84.2479266603938,0.0
484,MIH119_2235,22,19,2,PHW65_MoG_0567/PHT69,PHW65_MoG_0567/PHT69,WIPV17/30583,1.0,66,53.0,45.0,49.0,26.0,0.024147214755234323,2.0503038415792965,-0.045794611186310674,2.1565664528803206,34.64823227814083,48.41790925505784,34.648232278140824,21.557042083017407,71.39055623005899,0.0
485,MIH119_2236,21,19,2,PHW65_MoG_0569/PHT69,Mo44_PHW65_0471/PHT69,WIPV17/30755,,70,52.0,45.0,54.0,29.0,0.05346799912955994,1.8040477552714238,-0.6574140510200912,1.450311929485789,38.18376618407357,48.86401628086724,38.18376618407356,17.785047452934773,79.20056911013904,0.0
486,MIH119_2237,20,19,2,PHW65_MoG_0569/PHT69,PHW65_MoG_0064/PHT69,WIPV17/30409,,76,57.0,50.0,52.0,30.0,0.016628584069774726,2.064177772475911,-0.46717083645854923,1.3648422864319802,39.834311042186854,55.3068563977318,33.42495570370004,13.789548049181061,79.66127615079697,0.0
488,MIH119_2239,18,19,2,PHW65_MoG_0572/PHT69,PHW65_MoG_0572/PHT69,WIPV17/31185,1.0,85,36.0,51.0,38.0,36.0,0.0757921955753796,1.699690119896105,-1.3744578534305363,1.4715364091894723,29.531546535364896,35.86300913130284,23.914174859893826,3.137606738915694,60.889710761967734,0.0
489,MIH119_2240,17,19,2,PHW65_MoG_0583/PHT69,PHW65_MoG_0583/PHT69,WIPV17/30587,1.0,80,51.0,47.0,54.0,28.0,0.022195332564230365,2.016832213552727,-1.0724741572998449,1.3741687028500806,39.49309988743521,50.22519540362261,36.827911443374916,8.856057061013447,86.62527756271126,0.0
491,MIH119_2242,15,19,2,PHW65_MoG_0591/PHT69,PHW65_MoG_0591/PHT69,WIPV17/31189,1.0,86,54.0,52.0,48.0,35.0,0.038592110642104493,1.8279460907627938,-0.5332143412478336,1.3975343406993324,37.82451617312265,53.86845871403051,29.5517508156316,3.7668495821827666,80.27158655393282,0.0
493,MIH119_2244,13,19,2,PHW65_MoG_0620/PHT69,PHW65_MoG_0620/PHT69,WIPV17/31191,1.0,70,44.0,35.0,46.0,23.0,0.17040616759315805,1.649585585458971,-0.3347727265611714,1.557440760606522,26.384516072148124,41.34647531457997,37.68099403729362,15.048886306329424,74.87755151504385,0.0
494,MIH119_2245,12,19,2,PHW65_MoG_0622/PHT69,PHW65_MoG_0622/PHT69,WIPV17/30593,1.0,75,51.0,38.0,50.0,30.0,0.3814864185640099,1.3532264003329157,-0.46233888816383656,1.3842099270418897,30.783073766282914,49.262217140742486,39.40053768033609,13.199771300228559,82.96036010485628,0.0
497,MIH119_2248,9,19,2,PHW65_MoG_0660/PHT69,PHW65_MoG_0660/PHT69,WIPV17/31197,1.0,80,50.0,40.0,46.0,26.0,0.10389397807543253,1.7204091972705478,-0.28773703744293777,1.5188452300286108,29.568230045580812,49.2403876506104,35.23804438347299,8.682408883346517,81.09601358908367,0.0
499,MIH119_2250,7,19,2,PHW65_MoG_0696/PHT69,PHW65_MoG_0675/PHT69,WIPV17/31199,,74,66.0,43.0,39.0,30.0,0.14250486069717483,1.6151635080148976,-2.5792032364523316e-08,5.492046348278634,26.59793604243744,63.44327193192905,28.522794363147646,18.192065483921944,80.36521918643058,0.0
