,plot,New_Source,New_Pedigree,Old_Pedigree,Old_Source,Shared,New_Family,Tester,Pass,Range,Group.1,canopy_cover
1,MIH119_1001,WIPV17/30131,Mo44_PHW65_0324/PHT69,Mo44_PHW65_0324/PHT69,WIPV17/30131,1,Mo44_PHW65,PHT69,3,2,1001,0.902602917
2,MIH119_1002,WIPV17/30636,Mo44_PHW65_0084/PHT69,Mo44_PHW65_0080/PHT69,WIPV17/30634,NA,Mo44_PHW65,PHT69,4,2,1002,0.882421667
3,MIH119_1003,WIPV17/30728,Mo44_PHW65_0319/PHT69,Mo44_PHW65_0316/PHT69,WIPV17/30726,NA,Mo44_PHW65,PHT69,5,2,1003,0.836821875
4,MIH119_1004,WIPV18/30467,Mo44_PHW65_0139/PHT69,Mo44_PHW65_0139/PHT69,WIPV17/30657,1,Mo44_PHW65,PHT69,6,2,1004,0.850700833
5,MIH119_1005,WIPV18/30665,Mo44_PHW65_0307/PHT69,Mo44_PHW65_0307/PHT69,WIPV17/30724,1,Mo44_PHW65,PHT69,7,2,1005,0.919698194
6,MIH119_1006,NA,CGR01/CG44,PHW52/PHN82,NA,NA,NA,NA,8,2,1006,0.944706528
7,MIH119_1007,WIPV17/30734,Mo44_PHW65_0336/PHT69,Mo44_PHW65_0336/PHT69,WIPV17/30734,1,Mo44_PHW65,PHT69,9,2,1007,0.936216667
8,MIH119_1008,NA,F42/OH43,F42/OH43,NA,NA,NA,NA,10,2,1008,0.926675833
9,MIH119_1009,WIPV18/30458,Mo44_PHW65_0168/PHT69,Mo44_PHW65_0168/PHT69,WIPV17/30674,1,Mo44_PHW65,PHT69,11,2,1009,0.906989792
10,MIH119_1010,WIPV17/30015,Mo44_PHW65_0031/PHT69,Mo44_PHW65_0031/PHT69,WIPV17/30015,1,Mo44_PHW65,PHT69,12,2,1010,0.926563333
11,MIH119_1011,WIPV18/30453,Mo44_PHW65_0207/PHT69,Mo44_PHW65_0207/PHT69,WIPV17/30693,1,Mo44_PHW65,PHT69,13,2,1011,0.912554167
12,MIH119_1012,WIPV18/30411,PHW65_MoG_0569/PHT69,Mo44_PHW65_0471/PHT69,WIPV17/30755,NA,PHW65_MoG,PHT69,14,2,1012,0.906163611
13,MIH119_1013,WIPV18/30650,Mo44_PHW65_0134/PHT69,Mo44_PHW65_0134/PHT69,WIPV17/30654,1,Mo44_PHW65,PHT69,15,2,1013,0.88652375
14,MIH119_1014,WIPV17/30033,Mo44_PHW65_0074/PHT69,Mo44_PHW65_0068/PHT69,WIPV17/30030,NA,Mo44_PHW65,PHT69,16,2,1014,0.872052778
15,MIH119_1015,NA,Mo44/PHT69,Mo44/PHT69,NA,NA,NA,PHT69,17,2,1015,0.936032639
16,MIH119_1016,WIPV17/30645,Mo44_PHW65_0110/PHT69,Mo44_PHW65_0103/PHT69,WIPV17/30642,NA,Mo44_PHW65,PHT69,18,2,1016,0.892692708
17,MIH119_1017,WIPV17/30728,Mo44_PHW65_0319/PHT69,Mo44_PHW65_0236/PHT69,WIPV17/30703,NA,Mo44_PHW65,PHT69,19,2,1017,0.854270833
18,MIH119_1018,WIPV18/30415,Mo44_PHW65_0435/PHT69,Mo44_PHW65_0435/PHT69,WIPV17/30750,1,Mo44_PHW65,PHT69,20,2,1018,0.929261667
19,MIH119_1019,WIPV18/30516,Mo44_PHW65_0333/PHT69,Mo44_PHW65_0333/PHT69,WIPV17/30733,1,Mo44_PHW65,PHT69,21,2,1019,0.900246667
20,MIH119_1020,WIPV17/30728,Mo44_PHW65_0319/PHT69,Mo44_PHW65_0281/PHT69,WIPV17/30720,NA,Mo44_PHW65,PHT69,22,2,1020,0.911445167
21,MIH119_1021,WIPV18/30522,Mo44_PHW65_0067/PHT69,Mo44_PHW65_0067/PHT69,WIPV17/30629,1,Mo44_PHW65,PHT69,23,2,1021,0.911110556
22,MIH119_1022,WIPV17/30728,Mo44_PHW65_0319/PHT69,Mo44_PHW65_0317/PHT69,WIPV17/30727,NA,Mo44_PHW65,PHT69,24,2,1022,0.759438542
23,MIH119_1023,WIPV18/30451,Mo44_PHW65_0220/PHT69,Mo44_PHW65_0220/PHT69,WIPV17/30698,1,Mo44_PHW65,PHT69,25,2,1023,0.903014861
24,MIH119_1024,NA,B37/H95,B73/PHN82,NA,NA,NA,NA,26,2,1024,0.82081
25,MIH119_1025,WIPV18/30423,Mo44_PHW65_0217/PHT69,Mo44_PHW65_0217/PHT69,WIPV17/30696,1,Mo44_PHW65,PHT69,27,2,1025,0.922467
26,MIH119_1026,WIPV17/30616,Mo44_PHW65_0033/PHT69,Mo44_PHW65_0033/PHT69,WIPV17/30616,1,Mo44_PHW65,PHT69,28,2,1026,0.920825833
27,MIH119_1027,WIPV17/30673,Mo44_PHW65_0167/PHT69,Mo44_PHW65_0174/PHT69,WIPV17/30676,NA,Mo44_PHW65,PHT69,29,2,1027,0.927579028
28,MIH119_1028,NA,B37/H95,B14A/H95,NA,NA,NA,NA,30,2,1028,0.809599375
29,MIH119_1029,WIPV17/30653,Mo44_PHW65_0128/PHT69,Mo44_PHW65_0135/PHT69,WIPV17/30655,NA,Mo44_PHW65,PHT69,30,3,1029,0.861256333
30,MIH119_1030,WIPV17/30066,Mo44_PHW65_0157/PHT69,Mo44_PHW65_0157/PHT69,WIPV17/30066,1,Mo44_PHW65,PHT69,29,3,1030,0.925233472
31,MIH119_1031,WIPV18/30657,Mo44_PHW65_0218/PHT69,Mo44_PHW65_0218/PHT69,WIPV17/30697,1,Mo44_PHW65,PHT69,28,3,1031,0.922187083
32,MIH119_1032,WIPV18/30531,Mo44_PHW65_0128/PHT69,Mo44_PHW65_0128/PHT69,WIPV17/30653,1,Mo44_PHW65,PHT69,27,3,1032,0.910299861
33,MIH119_1033,WIPV17/30648,Mo44_PHW65_0115/PHT69,Mo44_PHW65_0115/PHT69,WIPV17/30648,1,Mo44_PHW65,PHT69,26,3,1033,0.918337917
34,MIH119_1034,WIPV17/30649,Mo44_PHW65_0116/PHT69,Mo44_PHW65_0116/PHT69,WIPV17/30649,1,Mo44_PHW65,PHT69,25,3,1034,0.924659
35,MIH119_1035,WIPV18/30405,Mo44_PHW65_0475/PHT69,Mo44_PHW65_0475/PHT69,WIPV17/30156,1,Mo44_PHW65,PHT69,24,3,1035,0.918338667
36,MIH119_1036,WIPV17/30656,Mo44_PHW65_0136/PHT69,Mo44_PHW65_0136/PHT69,WIPV17/30656,1,Mo44_PHW65,PHT69,23,3,1036,0.9158755
37,MIH119_1037,WIPV18/30485,Mo44_PHW65_0001/PHT69,Mo44_PHW65_0001/PHT69,WIPV17/30001,1,Mo44_PHW65,PHT69,22,3,1037,0.9219535
38,MIH119_1038,WIPV18/30519,Mo44_PHW65_0271/PHT69,Mo44_PHW65_0271/PHT69,WIPV17/30118,1,Mo44_PHW65,PHT69,21,3,1038,0.917690333
39,MIH119_1039,WIPV18/30477,Mo44_PHW65_0155/PHT69,Mo44_PHW65_0155/PHT69,WIPV17/30665,1,Mo44_PHW65,PHT69,20,3,1039,0.876376167
40,MIH119_1040,WIPV18/30596,Mo44_PHW65_0433/PHT69,Mo44_PHW65_0433/PHT69,WIPV17/30749,1,Mo44_PHW65,PHT69,19,3,1040,0.87511375
41,MIH119_1041,WIPV18/30607,Mo44_PHW65_0175/PHT69,Mo44_PHW65_0175/PHT69,WIPV17/30677,1,Mo44_PHW65,PHT69,18,3,1041,0.902837083
42,MIH119_1042,WIPV17/30684,Mo44_PHW65_0185/PHT69,Mo44_PHW65_0193/PHT69,WIPV17/30689,NA,Mo44_PHW65,PHT69,17,3,1042,0.929962361
43,MIH119_1043,WIPV17/30016,Mo44_PHW65_0033/PHT69,Mo44_PHW65_0036/PHT69,WIPV17/30019,NA,Mo44_PHW65,PHT69,16,3,1043,0.903388333
44,MIH119_1044,WIPV18/30433,Mo44_PHW65_0073/PHT69,Mo44_PHW65_0073/PHT69,WIPV17/30632,1,Mo44_PHW65,PHT69,15,3,1044,0.901915167
45,MIH119_1045,WIPV18/30442,Mo44_PHW65_0017/PHT69,Mo44_PHW65_0017/PHT69,WIPV17/30607,1,Mo44_PHW65,PHT69,14,3,1045,0.862702083
46,MIH119_1046,WIPV17/30610,Mo44_PHW65_0024/PHT69,Mo44_PHW65_0024/PHT69,WIPV17/30610,1,Mo44_PHW65,PHT69,13,3,1046,0.9191295
47,MIH119_1047,WIPV18/30593,Mo44_PHW65_0110/PHT69,Mo44_PHW65_0110/PHT69,WIPV17/30645,1,Mo44_PHW65,PHT69,12,3,1047,0.920677667
48,MIH119_1048,WIPV17/30663,Mo44_PHW65_0151/PHT69,Mo44_PHW65_0147/PHT69,WIPV17/30661,NA,Mo44_PHW65,PHT69,11,3,1048,0.9182725
49,MIH119_1049,WIPV17/30606,Mo44_PHW65_0015/PHT69,Mo44_PHW65_0015/PHT69,WIPV17/30606,1,Mo44_PHW65,PHT69,10,3,1049,0.893484444
50,MIH119_1050,WIPV18/30484,Mo44_PHW65_0339/PHT69,Mo44_PHW65_0339/PHT69,WIPV17/30735,1,Mo44_PHW65,PHT69,9,3,1050,0.930504
51,MIH119_1051,WIPV18/30618,Mo44_PHW65_0069/PHT69,Mo44_PHW65_0069/PHT69,WIPV17/30631,1,Mo44_PHW65,PHT69,8,3,1051,0.871291667
52,MIH119_1052,WIPV17/30122,Mo44_PHW65_0296/PHT69,Mo44_PHW65_0296/PHT69,WIPV17/30122,1,Mo44_PHW65,PHT69,7,3,1052,0.8734205
53,MIH119_1053,WIPV17/30005,Mo44_PHW65_0012/PHT69,Mo44_PHW65_0012/PHT69,WIPV17/30005,1,Mo44_PHW65,PHT69,6,3,1053,0.850450278
54,MIH119_1054,WIPV18/30605,Mo44_PHW65_0179/PHT69,Mo44_PHW65_0179/PHT69,WIPV17/30681,1,Mo44_PHW65,PHT69,5,3,1054,0.8801115
55,MIH119_1055,WIPV18/30581,Mo44_PHW65_0050/PHT69,Mo44_PHW65_0050/PHT69,WIPV17/30623,1,Mo44_PHW65,PHT69,4,3,1055,0.866836167
56,MIH119_1056,WIPV18/30652,Mo44_PHW65_0150/PHT69,Mo44_PHW65_0150/PHT69,WIPV17/30662,1,Mo44_PHW65,PHT69,3,3,1056,0.874190556
57,MIH119_1057,WIPV18/30591,Mo44_PHW65_0195/PHT69,Mo44_PHW65_0195/PHT69,WIPV17/30690,1,Mo44_PHW65,PHT69,3,4,1057,0.914714583
58,MIH119_1058,WIPV17/30654,Mo44_PHW65_0134/PHT69,Mo44_PHW65_0111/PHT69,WIPV17/30646,NA,Mo44_PHW65,PHT69,4,4,1058,0.902882667
59,MIH119_1059,NA,PHW65/PHT69,PHW65/PHT69,NA,1,NA,PHT69,5,4,1059,0.896819722
60,MIH119_1060,WIPV17/30734,Mo44_PHW65_0336/PHT69,Mo44_PHW65_0350/PHT69,WIPV17/30738,NA,Mo44_PHW65,PHT69,6,4,1060,0.892885278
61,MIH119_1061,WIPV18/30498,Mo44_PHW65_0397/PHT69,Mo44_PHW65_0397/PHT69,WIPV17/30146,1,Mo44_PHW65,PHT69,7,4,1061,0.913245
62,MIH119_1062,WIPV17/30728,Mo44_PHW65_0319/PHT69,Mo44_PHW65_0237/PHT69,WIPV17/30704,NA,Mo44_PHW65,PHT69,8,4,1062,0.918462833
63,MIH119_1063,WIPV17/30810,PHN11_PHW65_0106/PHT69,PHN11_PHW65_0118/PHT69,WIPV17/30817,NA,PHN11_PHW65,PHT69,9,4,1063,0.935014861
64,MIH119_1064,WIPV17/30786,PHN11_PHW65_0069/PHT69,PHN11_PHW65_0070/PHT69,WIPV17/30787,NA,PHN11_PHW65,PHT69,10,4,1064,0.94299
65,MIH119_1065,WIPV18/30432,PHN11_PHW65_0494/PHT69,PHN11_PHW65_0494/PHT69,WIPV17/30955,1,PHN11_PHW65,PHT69,11,4,1065,0.938557
66,MIH119_1066,NA,PHW65/PHT69,PHW65/PHT69,NA,1,NA,PHT69,12,4,1066,0.9298245
67,MIH119_1067,WIPV17/30882,PHN11_PHW65_0285/PHT69,PHN11_PHW65_0285/PHT69,WIPV17/30882,1,PHN11_PHW65,PHT69,13,4,1067,0.945392083
68,MIH119_1068,WIPV18/30606,PHN11_PHW65_0604/PHT69,PHN11_PHW65_0604/PHT69,WIPV17/30366,1,PHN11_PHW65,PHT69,14,4,1068,0.897694861
69,MIH119_1069,WIPV17/30303,PHN11_PHW65_0329/PHT69,PHN11_PHW65_0344/PHT69,WIPV17/30308,NA,PHN11_PHW65,PHT69,15,4,1069,0.933544167
70,MIH119_1070,WIPV17/30950,PHN11_PHW65_0470/PHT69,PHN11_PHW65_0464/PHT69,WIPV17/30949,NA,PHN11_PHW65,PHT69,16,4,1070,0.937276528
71,MIH119_1071,WIPV17/30785,PHN11_PHW65_0066/PHT69,PHN11_PHW65_0066/PHT69,WIPV17/30785,NA,PHN11_PHW65,PHT69,17,4,1071,0.899896667
72,MIH119_1072,WIPV17/30844,PHN11_PHW65_0184/PHT69,PHN11_PHW65_0184/PHT69,WIPV17/30844,1,PHN11_PHW65,PHT69,18,4,1072,0.925493194
73,MIH119_1073,WIPV17/30901,PHN11_PHW65_0323/PHT69,PHN11_PHW65_0323/PHT69,WIPV17/30901,1,PHN11_PHW65,PHT69,19,4,1073,0.910167083
74,MIH119_1074,WIPV18/30908,PHN11_PHW65_0398/PHT69,PHN11_PHW65_0398/PHT69,WIPV17/30331,1,PHN11_PHW65,PHT69,20,4,1074,0.915654333
75,MIH119_1075,WIPV17/30903,PHN11_PHW65_0329/PHT69,PHN11_PHW65_0329/PHT69,WIPV17/30903,1,PHN11_PHW65,PHT69,21,4,1075,0.904315278
76,MIH119_1076,WIPV17/30762,PHN11_PHW65_0016/PHT69,PHN11_PHW65_0016/PHT69,WIPV17/30762,1,PHN11_PHW65,PHT69,22,4,1076,0.90871875
77,MIH119_1077,WIPV17/30772,PHN11_PHW65_0048/PHT69,PHN11_PHW65_0048/PHT69,WIPV17/30772,1,PHN11_PHW65,PHT69,23,4,1077,0.915399722
78,MIH119_1078,WIPV18/30429,PHN11_PHW65_0088/PHT69,PHN11_PHW65_0088/PHT69,WIPV17/30801,1,PHN11_PHW65,PHT69,24,4,1078,0.933891806
79,MIH119_1079,WIPV18/30454,PHN11_PHW65_0300/PHT69,PHN11_PHW65_0300/PHT69,WIPV17/30887,1,PHN11_PHW65,PHT69,25,4,1079,0.937962639
80,MIH119_1080,WIPV17/30940,PHN11_PHW65_0424/PHT69,PHN11_PHW65_0424/PHT69,WIPV17/30940,1,PHN11_PHW65,PHT69,26,4,1080,0.910818056
81,MIH119_1081,WIPV18/30497,PHN11_PHW65_0211/PHT69,PHN11_PHW65_0211/PHT69,WIPV17/30851,1,PHN11_PHW65,PHT69,27,4,1081,0.893708889
82,MIH119_1082,WIPV17/30266,PHN11_PHW65_0251/PHT69,PHN11_PHW65_0251/PHT69,WIPV17/30266,1,PHN11_PHW65,PHT69,28,4,1082,0.913424306
83,MIH119_1083,WIPV18/30572,PHN11_PHW65_0453/PHT69,PHN11_PHW65_0453/PHT69,WIPV17/30947,1,PHN11_PHW65,PHT69,29,4,1083,0.9272125
84,MIH119_1084,WIPV18/30545,PHN11_PHW65_0478/PHT69,PHN11_PHW65_0478/PHT69,WIPV17/30951,1,PHN11_PHW65,PHT69,30,4,1084,0.920154167
85,MIH119_1085,WIPV17/30820,PHN11_PHW65_0129/PHT69,PHN11_PHW65_0129/PHT69,WIPV17/30820,1,PHN11_PHW65,PHT69,30,5,1085,0.909776528
86,MIH119_1086,WIPV17/30793,PHN11_PHW65_0076/PHT69,PHN11_PHW65_0080/PHT69,WIPV17/30796,NA,PHN11_PHW65,PHT69,29,5,1086,0.914271111
87,MIH119_1087,WIPV17/30786,PHN11_PHW65_0069/PHT69,PHN11_PHW65_0069/PHT69,WIPV17/30786,1,PHN11_PHW65,PHT69,28,5,1087,0.913851528
88,MIH119_1088,WIPV18/30431,PHN11_PHW65_0343/PHT69,PHN11_PHW65_0343/PHT69,WIPV17/30907,1,PHN11_PHW65,PHT69,27,5,1088,0.899796111
89,MIH119_1089,WIPV17/30827,PHN11_PHW65_0140/PHT69,PHN11_PHW65_0140/PHT69,WIPV17/30827,1,PHN11_PHW65,PHT69,26,5,1089,0.920263667
90,MIH119_1090,WIPV17/30183,PHN11_PHW65_0064/PHT69,PHN11_PHW65_0064/PHT69,WIPV17/30183,1,PHN11_PHW65,PHT69,25,5,1090,0.912485694
91,MIH119_1091,WIPV18/30425,PHN11_PHW65_0137/PHT69,PHN11_PHW65_0137/PHT69,WIPV17/30824,1,PHN11_PHW65,PHT69,24,5,1091,0.934075972
92,MIH119_1092,NA,H95/B14A,PHG39/PHN82,NA,NA,NA,NA,23,5,1092,0.929273611
93,MIH119_1093,WIPV17/30900,PHN11_PHW65_0322/PHT69,PHN11_PHW65_0322/PHT69,WIPV17/30900,1,PHN11_PHW65,PHT69,22,5,1093,0.93150375
94,MIH119_1094,WIPV17/30273,PHN11_PHW65_0267/PHT69,PHN11_PHW65_0278/PHT69,WIPV17/30278,NA,PHN11_PHW65,PHT69,21,5,1094,0.93378125
95,MIH119_1095,WIPV17/30849,PHN11_PHW65_0206/PHT69,PHN11_PHW65_0206/PHT69,WIPV17/30849,1,PHN11_PHW65,PHT69,20,5,1095,0.93251125
96,MIH119_1096,WIPV18/30511,PHN11_PHW65_0260/PHT69,PHN11_PHW65_0260/PHT69,WIPV17/30870,1,PHN11_PHW65,PHT69,19,5,1096,0.929681167
97,MIH119_1097,WIPV17/30889,PHN11_PHW65_0302/PHT69,PHN11_PHW65_0302/PHT69,WIPV17/30889,1,PHN11_PHW65,PHT69,18,5,1097,0.902445
98,MIH119_1098,WIPV17/30913,PHN11_PHW65_0353/PHT69,PHN11_PHW65_0353/PHT69,WIPV17/30913,1,PHN11_PHW65,PHT69,17,5,1098,0.9034425
99,MIH119_1099,WIPV17/30932,PHN11_PHW65_0402/PHT69,PHN11_PHW65_0402/PHT69,WIPV17/30932,1,PHN11_PHW65,PHT69,16,5,1099,0.907404583
100,MIH119_1100,WIPV18/30534,PHN11_PHW65_0087/PHT69,PHN11_PHW65_0087/PHT69,WIPV17/30800,1,PHN11_PHW65,PHT69,15,5,1100,0.910192083
101,MIH119_1101,WIPV18/30628,PHN11_PHW65_0062/PHT69,PHN11_PHW65_0062/PHT69,WIPV17/30781,1,PHN11_PHW65,PHT69,14,5,1101,0.919558333
102,MIH119_1102,WIPV18/30723,PHN11_PHW65_0491/PHT69,PHN11_PHW65_0491/PHT69,WIPV17/30354,1,PHN11_PHW65,PHT69,13,5,1102,0.924024167
103,MIH119_1103,WIPV17/30848,PHN11_PHW65_0205/PHT69,PHN11_PHW65_0205/PHT69,WIPV17/30848,1,PHN11_PHW65,PHT69,12,5,1103,0.920072
104,MIH119_1104,WIPV17/30886,PHN11_PHW65_0294/PHT69,PHN11_PHW65_0294/PHT69,WIPV17/30886,1,PHN11_PHW65,PHT69,11,5,1104,0.932087167
105,MIH119_1105,WIPV17/30345,PHN11_PHW65_0448/PHT69,PHN11_PHW65_0448/PHT69,WIPV17/30345,1,PHN11_PHW65,PHT69,10,5,1105,0.91482875
106,MIH119_1106,NA,B37/H95,B73/PHM49,NA,NA,NA,NA,9,5,1106,0.908295833
107,MIH119_1107,NA,CG119/CG108,CG119/CG108,NA,1,NA,NA,8,5,1107,0.844536667
108,MIH119_1108,WIPV17/30247,PHN11_PHW65_0194/PHT69,PHN11_PHW65_0194/PHT69,WIPV17/30247,1,PHN11_PHW65,PHT69,7,5,1108,0.910703472
109,MIH119_1109,WIPV17/30933,PHN11_PHW65_0407/PHT69,PHN11_PHW65_0407/PHT69,WIPV17/30933,1,PHN11_PHW65,PHT69,6,5,1109,0.919468194
110,MIH119_1110,WIPV17/30902,PHN11_PHW65_0328/PHT69,PHN11_PHW65_0328/PHT69,WIPV17/30902,1,PHN11_PHW65,PHT69,5,5,1110,0.938493889
111,MIH119_1111,WIPV17/30791,PHN11_PHW65_0074/PHT69,PHN11_PHW65_0074/PHT69,WIPV17/30791,1,PHN11_PHW65,PHT69,4,5,1111,0.919453889
112,MIH119_1112,WIPV17/30914,PHN11_PHW65_0354/PHT69,PHN11_PHW65_0354/PHT69,WIPV17/30914,1,PHN11_PHW65,PHT69,3,5,1112,0.848023611
113,MIH119_1113,NA,B37/MO17,B37/MO17,NA,1,NA,NA,3,6,1113,0.886971528
114,MIH119_1114,WIPV17/30257,PHN11_PHW65_0224/PHT69,PHN11_PHW65_0216/PHT69,WIPV17/30253,NA,PHN11_PHW65,PHT69,4,6,1114,0.909948333
115,MIH119_1115,NA,CG44/CGR01,CG44/CGR01,NA,1,NA,NA,5,6,1115,0.893951667
116,MIH119_1116,WIPV17/30805,PHN11_PHW65_0096/PHT69,PHN11_PHW65_0096/PHT69,WIPV17/30805,1,PHN11_PHW65,PHT69,6,6,1116,0.9085445
117,MIH119_1117,WIPV17/30766,PHN11_PHW65_0023/PHT69,PHN11_PHW65_0023/PHT69,WIPV17/30766,1,PHN11_PHW65,PHT69,7,6,1117,0.925283611
118,MIH119_1118,NA,PHN11/PHT69,PHN11/PHT69,NA,1,NA,PHT69,8,6,1118,0.910734444
119,MIH119_1119,WIPV17/30872,PHN11_PHW65_0266/PHT69,PHN11_PHW65_0266/PHT69,WIPV17/30872,1,PHN11_PHW65,PHT69,9,6,1119,0.90025625
120,MIH119_1120,WIPV18/30625,PHN11_PHW65_0058/PHT69,PHN11_PHW65_0058/PHT69,WIPV17/30778,1,PHN11_PHW65,PHT69,10,6,1120,0.916252917
121,MIH119_1121,WIPV17/30827,PHN11_PHW65_0140/PHT69,PHN11_PHW65_0141/PHT69,WIPV17/30828,1,PHN11_PHW65,PHT69,11,6,1121,0.926308611
122,MIH119_1122,WIPV17/30237,PHN11_PHW65_0167/PHT69,PHN11_PHW65_0167/PHT69,WIPV17/30237,1,PHN11_PHW65,PHT69,12,6,1122,0.916557778
123,MIH119_1123,WIPV18/30494,PHN11_PHW65_0365/PHT69,PHN11_PHW65_0365/PHT69,WIPV17/30919,1,PHN11_PHW65,PHT69,13,6,1123,0.908794167
124,MIH119_1124,NA,B37/MO17,B14A/MO17,NA,NA,NA,NA,14,6,1124,0.912398889
125,MIH119_1125,WIPV17/30237,PHN11_PHW65_0167/PHT69,PHN11_PHW65_0154/PHT69,WIPV17/30234,NA,PHN11_PHW65,PHT69,15,6,1125,0.903936667
126,MIH119_1126,WIPV17/30811,PHN11_PHW65_0107/PHT69,PHN11_PHW65_0110/PHT69,WIPV17/30813,NA,PHN11_PHW65,PHT69,16,6,1126,0.913531167
127,MIH119_1127,WIPV17/30776,PHN11_PHW65_0056/PHT69,PHN11_PHW65_0056/PHT69,WIPV17/30776,1,PHN11_PHW65,PHT69,17,6,1127,0.919632917
128,MIH119_1128,WIPV18/30635,PHN11_PHW65_0172/PHT69,PHN11_PHW65_0172/PHT69,WIPV17/30839,1,PHN11_PHW65,PHT69,18,6,1128,0.906075278
129,MIH119_1129,WIPV18/30616,PHN11_PHW65_0288/PHT69,PHN11_PHW65_0288/PHT69,WIPV17/30884,1,PHN11_PHW65,PHT69,19,6,1129,0.887716667
130,MIH119_1130,WIPV17/30803,PHN11_PHW65_0092/PHT69,PHN11_PHW65_0089/PHT69,WIPV17/30802,NA,PHN11_PHW65,PHT69,20,6,1130,0.909377361
131,MIH119_1131,WIPV17/30799,PHN11_PHW65_0086/PHT69,PHN11_PHW65_0086/PHT69,WIPV17/30799,1,PHN11_PHW65,PHT69,21,6,1131,0.906708194
132,MIH119_1132,WIPV17/30852,PHN11_PHW65_0212/PHT69,PHN11_PHW65_0212/PHT69,WIPV17/30852,1,PHN11_PHW65,PHT69,22,6,1132,0.898905417
133,MIH119_1133,WIPV17/30255,PHN11_PHW65_0221/PHT69,PHN11_PHW65_0221/PHT69,WIPV17/30255,1,PHN11_PHW65,PHT69,23,6,1133,0.702660833
134,MIH119_1134,WIPV17/30946,PHN11_PHW65_0451/PHT69,PHN11_PHW65_0451/PHT69,WIPV17/30946,1,PHN11_PHW65,PHT69,24,6,1134,0.906255278
135,MIH119_1135,WIPV17/30890,PHN11_PHW65_0303/PHT69,PHN11_PHW65_0303/PHT69,WIPV17/30890,1,PHN11_PHW65,PHT69,25,6,1135,0.931511111
136,MIH119_1136,NA,CG119/CG108,LOCAL CHECK = LG5499VT2RIB,NA,NA,NA,NA,26,6,1136,0.8951095
137,MIH119_1137,WIPV17/30772,PHN11_PHW65_0048/PHT69,PHN11_PHW65_0042/PHT69,WIPV17/30771,NA,PHN11_PHW65,PHT69,27,6,1137,0.763000417
138,MIH119_1138,WIPV17/30249,PHN11_PHW65_0206/PHT69,PHN11_PHW65_0209/PHT69,WIPV17/30250,NA,PHN11_PHW65,PHT69,28,6,1138,0.920184583
139,MIH119_1139,WIPV17/30757,PHN11_PHW65_0001/PHT69,PHN11_PHW65_0001/PHT69,WIPV17/30757,1,PHN11_PHW65,PHT69,29,6,1139,0.915435556
140,MIH119_1140,WIPV17/30807,PHN11_PHW65_0101/PHT69,PHN11_PHW65_0101/PHT69,WIPV17/30807,1,PHN11_PHW65,PHT69,30,6,1140,0.898375
141,MIH119_1141,WIPV17/30263,PHN11_PHW65_0245/PHT69,PHN11_PHW65_0245/PHT69,WIPV17/30263,1,PHN11_PHW65,PHT69,30,7,1141,0.897090278
142,MIH119_1142,WIPV18/30533,PHN11_PHW65_0418/PHT69,PHN11_PHW65_0418/PHT69,WIPV17/30336,1,PHN11_PHW65,PHT69,29,7,1142,0.910124667
143,MIH119_1143,WIPV18/30476,PHN11_PHW65_0355/PHT69,PHN11_PHW65_0355/PHT69,WIPV17/30915,1,PHN11_PHW65,PHT69,28,7,1143,0.941071944
144,MIH119_1144,NA,B37/OH43,B37/OH43,NA,1,NA,NA,27,7,1144,0.925127
145,MIH119_1145,WIPV17/30909,PHN11_PHW65_0345/PHT69,PHN11_PHW65_0347/PHT69,WIPV17/30911,NA,PHN11_PHW65,PHT69,26,7,1145,0.910319333
146,MIH119_1146,WIPV17/30924,PHN11_PHW65_0382/PHT69,PHN11_PHW65_0382/PHT69,WIPV17/30924,1,PHN11_PHW65,PHT69,25,7,1146,0.915615833
147,MIH119_1147,WIPV17/30874,PHN11_PHW65_0274/PHT69,PHN11_PHW65_0274/PHT69,WIPV17/30874,1,PHN11_PHW65,PHT69,24,7,1147,0.910461111
148,MIH119_1148,WIPV17/30808,PHN11_PHW65_0103/PHT69,PHN11_PHW65_0103/PHT69,WIPV17/30808,1,PHN11_PHW65,PHT69,23,7,1148,0.878753667
149,MIH119_1149,WIPV17/30354,PHN11_PHW65_0491/PHT69,PHN11_PHW65_0481/PHT69,WIPV17/30352,NA,PHN11_PHW65,PHT69,22,7,1149,0.828021389
150,MIH119_1150,WIPV18/30525,PHN11_PHW65_0455/PHT69,PHN11_PHW65_0455/PHT69,WIPV17/30948,1,PHN11_PHW65,PHT69,21,7,1150,0.927443833
151,MIH119_1151,WIPV17/30870,PHN11_PHW65_0260/PHT69,PHN11_PHW65_0261/PHT69,WIPV17/30871,NA,PHN11_PHW65,PHT69,20,7,1151,0.920019583
152,MIH119_1152,WIPV17/30888,PHN11_PHW65_0301/PHT69,PHN11_PHW65_0301/PHT69,WIPV17/30888,1,PHN11_PHW65,PHT69,19,7,1152,0.93402125
153,MIH119_1153,WIPV17/30966,PHN11_PHW65_0604/PHT69,PHN11_PHW65_0626/PHT69,WIPV17/30969,NA,PHN11_PHW65,PHT69,18,7,1153,0.930506833
154,MIH119_1154,WIPV17/30843,PHN11_PHW65_0180/PHT69,PHN11_PHW65_0180/PHT69,WIPV17/30843,1,PHN11_PHW65,PHT69,17,7,1154,0.94325
155,MIH119_1155,WIPV17/31018,PHW65_MoG_0085/PHT69,PHW65_MoG_0082/PHT69,WIPV17/31017,NA,PHW65_MoG,PHT69,16,7,1155,0.932007778
156,MIH119_1156,WIPV18/30629,PHW65_MoG_0022/PHT69,PHW65_MoG_0022/PHT69,WIPV17/30985,1,PHW65_MoG,PHT69,15,7,1156,0.925027833
157,MIH119_1157,WIPV17/30477,PHW65_MoG_0195/PHT69,PHW65_MoG_0195/PHT69,WIPV17/30477,1,PHW65_MoG,PHT69,14,7,1157,0.862003333
158,MIH119_1158,WIPV17/31041,PHW65_MoG_0130/PHT69,PHW65_MoG_0130/PHT69,WIPV17/31041,1,PHW65_MoG,PHT69,13,7,1158,0.927684306
159,MIH119_1159,WIPV17/30576,PHW65_MoG_0542/PHT69,PHW65_MoG_0542/PHT69,WIPV17/30576,1,PHW65_MoG,PHT69,12,7,1159,0.907559583
160,MIH119_1160,WIPV18/30438,PHW65_MoG_0125/PHT69,PHW65_MoG_0125/PHT69,WIPV17/31036,1,PHW65_MoG,PHT69,11,7,1160,0.9110645
161,MIH119_1161,WIPV17/30497,PHW65_MoG_0253/PHT69,PHW65_MoG_0268/PHT69,WIPV17/30500,NA,PHW65_MoG,PHT69,10,7,1161,0.9009115
162,MIH119_1162,WIPV17/30494,PHW65_MoG_0241/PHT69,PHW65_MoG_0241/PHT69,WIPV17/30494,1,PHW65_MoG,PHT69,9,7,1162,0.924525
163,MIH119_1163,WIPV17/31140,PHW65_MoG_0392/PHT69,PHW65_MoG_0359/PHT69,WIPV17/31133,NA,PHW65_MoG,PHT69,8,7,1163,0.929101944
164,MIH119_1164,WIPV18/30600,PHW65_MoG_0003/PHT69,PHW65_MoG_0003/PHT69,WIPV17/30974,1,PHW65_MoG,PHT69,7,7,1164,0.910684583
165,MIH119_1165,WIPV18/30530,PHW65_MoG_0424/PHT69,PHW65_MoG_0424/PHT69,WIPV17/30549,1,PHW65_MoG,PHT69,6,7,1165,0.918809583
166,MIH119_1166,NA,2369/LH123HT,2369/LH123HT,NA,1,NA,NA,5,7,1166,0.903408125
167,MIH119_1167,WIPV18/30481,PHW65_MoG_0429/PHT69,PHW65_MoG_0429/PHT69,WIPV17/30551,1,PHW65_MoG,PHT69,4,7,1167,0.927610833
168,MIH119_1168,WIPV18/30417,PHW65_MoG_0476/PHT69,PHW65_MoG_0476/PHT69,WIPV17/31165,1,PHW65_MoG,PHT69,3,7,1168,0.902805694
169,MIH119_1169,NA,PHW52/PHM49,PHW52/PHM49,NA,1,NA,NA,3,8,1169,0.905556167
170,MIH119_1170,WIPV18/30669,PHW65_MoG_0381/PHT69,PHW65_MoG_0381/PHT69,WIPV17/31137,1,PHW65_MoG,PHT69,4,8,1170,0.935923194
171,MIH119_1171,NA,PHW65/PHT69,PHW65/PHT69,NA,1,NA,PHT69,5,8,1171,0.889273333
172,MIH119_1172,WIPV18/30462,PHW65_MoG_0350/PHT69,PHW65_MoG_0350/PHT69,WIPV17/31130,1,PHW65_MoG,PHT69,6,8,1172,0.9088245
173,MIH119_1173,WIPV18/30622,PHW65_MoG_0106/PHT69,PHW65_MoG_0106/PHT69,WIPV17/30424,1,PHW65_MoG,PHT69,7,8,1173,0.898755
174,MIH119_1174,WIPV18/30753,PHW65_MoG_0192/PHT69,PHW65_MoG_0192/PHT69,WIPV17/31075,1,PHW65_MoG,PHT69,8,8,1174,0.909494722
175,MIH119_1175,WIPV18/30643,PHW65_MoG_0410/PHT69,PHW65_MoG_0410/PHT69,WIPV17/31143,1,PHW65_MoG,PHT69,9,8,1175,0.920128125
176,MIH119_1176,WIPV17/30471,PHW65_MoG_0181/PHT69,PHW65_MoG_0190/PHT69,WIPV17/30473,NA,PHW65_MoG,PHT69,10,8,1176,0.939981333
177,MIH119_1177,WIPV18/30464,PHW65_MoG_0086/PHT69,PHW65_MoG_0086/PHT69,WIPV17/31019,1,PHW65_MoG,PHT69,11,8,1177,0.917327917
178,MIH119_1178,NA,OH43/B37,LH74/PHN82,NA,NA,NA,NA,12,8,1178,0.942542778
179,MIH119_1179,WIPV17/30433,PHW65_MoG_0121/PHT69,PHW65_MoG_0121/PHT69,WIPV17/30433,1,PHW65_MoG,PHT69,13,8,1179,0.922139833
180,MIH119_1180,WIPV18/30404,PHW65_MoG_0588/PHT69,PHW65_MoG_0588/PHT69,WIPV17/31188,1,PHW65_MoG,PHT69,14,8,1180,0.928163472
181,MIH119_1181,NA,F42/OH43,F42/H95,NA,1,NA,NA,15,8,1181,0.941738889
182,MIH119_1182,WIPV17/30968,PHN11_PHW65_0614/PHT69,PHW65_MoG_0012/PHT69,WIPV17/30978,NA,PHN11_PHW65,PHT69,16,8,1182,0.912432222
183,MIH119_1183,WIPV18/30567,PHW65_MoG_0038/PHT69,PHW65_MoG_0038/PHT69,WIPV17/30993,1,PHW65_MoG,PHT69,17,8,1183,0.924322333
184,MIH119_1184,WIPV18/30573,PHW65_MoG_0209/PHT69,PHW65_MoG_0209/PHT69,WIPV17/31084,1,PHW65_MoG,PHT69,18,8,1184,0.920839167
185,MIH119_1185,WIPV17/31149,PHW65_MoG_0424/PHT69,PHW65_MoG_0379/PHT69,WIPV17/31136,NA,PHW65_MoG,PHT69,19,8,1185,0.918956806
186,MIH119_1186,WIPV17/30531,PHW65_MoG_0352/PHT69,PHW65_MoG_0352/PHT69,WIPV17/30531,1,PHW65_MoG,PHT69,20,8,1186,0.930455833
187,MIH119_1187,WIPV17/30413,PHW65_MoG_0071/PHT69,PHW65_MoG_0069/PHT69,WIPV17/30412,NA,PHW65_MoG,PHT69,21,8,1187,0.887860417
188,MIH119_1188,WIPV17/30591,PHW65_MoG_0620/PHT69,PHW65_MoG_0629/PHT69,WIPV17/30594,NA,PHW65_MoG,PHT69,22,8,1188,0.918924833
189,MIH119_1189,WIPV17/31189,PHW65_MoG_0591/PHT69,PHW65_MoG_0591/PHT69,WIPV17/31189,1,PHW65_MoG,PHT69,23,8,1189,0.906770694
190,MIH119_1190,WIPV17/30563,PHW65_MoG_0463/PHT69,PHW65_MoG_0463/PHT69,WIPV17/30563,1,PHW65_MoG,PHT69,24,8,1190,0.895718333
191,MIH119_1191,WIPV17/30396,PHW65_MoG_0048/PHT69,PHW65_MoG_0048/PHT69,WIPV17/30396,1,PHW65_MoG,PHT69,25,8,1191,0.883404861
192,MIH119_1192,WIPV18/30574,PHW65_MoG_0213/PHT69,PHW65_MoG_0213/PHT69,WIPV17/30485,1,PHW65_MoG,PHT69,26,8,1192,0.8512685
193,MIH119_1193,WIPV17/31185,PHW65_MoG_0572/PHT69,PHW65_MoG_0575/PHT69,WIPV17/31186,NA,PHW65_MoG,PHT69,27,8,1193,0.925517778
194,MIH119_1194,WIPV18/30470,PHW65_MoG_0633/PHT69,PHW65_MoG_0633/PHT69,WIPV17/31195,1,PHW65_MoG,PHT69,28,8,1194,0.935958194
195,MIH119_1195,WIPV17/31039,PHW65_MoG_0128/PHT69,PHW65_MoG_0128/PHT69,WIPV17/31039,1,PHW65_MoG,PHT69,29,8,1195,0.927292222
196,MIH119_1196,WIPV17/30478,PHW65_MoG_0196/PHT69,PHW65_MoG_0196/PHT69,WIPV17/30478,1,PHW65_MoG,PHT69,30,8,1196,0.911802639
197,MIH119_1197,WIPV18/30668,PHW65_MoG_0127/PHT69,PHW65_MoG_0127/PHT69,WIPV17/31038,1,PHW65_MoG,PHT69,30,9,1197,0.912581944
198,MIH119_1198,WIPV18/30641,PHW65_MoG_0436/PHT69,PHW65_MoG_0436/PHT69,WIPV17/30553,1,PHW65_MoG,PHT69,29,9,1198,0.935197083
199,MIH119_1199,WIPV18/30544,PHW65_MoG_0291/PHT69,PHW65_MoG_0291/PHT69,WIPV17/31104,1,PHW65_MoG,PHT69,28,9,1199,0.921167333
200,MIH119_1200,WIPV18/30500,PHW65_MoG_0660/PHT69,PHW65_MoG_0660/PHT69,WIPV17/31197,1,PHW65_MoG,PHT69,27,9,1200,0.90381
201,MIH119_1201,WIPV18/30535,PHW65_MoG_0150/PHT69,PHW65_MoG_0150/PHT69,WIPV17/31053,1,PHW65_MoG,PHT69,26,9,1201,0.934541667
202,MIH119_1202,WIPV18/30667,PHW65_MoG_0036/PHT69,PHW65_MoG_0036/PHT69,WIPV17/30991,1,PHW65_MoG,PHT69,25,9,1202,0.927481389
203,MIH119_1203,WIPV17/30506,PHW65_MoG_0294/PHT69,PHW65_MoG_0294/PHT69,WIPV17/30506,1,PHW65_MoG,PHT69,24,9,1203,0.9273975
204,MIH119_1204,WIPV18/30466,PHW65_MoG_0016/PHT69,PHW65_MoG_0016/PHT69,WIPV17/30981,1,PHW65_MoG,PHT69,23,9,1204,0.911945417
205,MIH119_1205,WIPV17/30587,PHW65_MoG_0583/PHT69,PHW65_MoG_0583/PHT69,WIPV17/30587,1,PHW65_MoG,PHT69,22,9,1205,0.909817639
206,MIH119_1206,WIPV17/31146,PHW65_MoG_0421/PHT69,PHW65_MoG_0421/PHT69,WIPV17/31146,1,PHW65_MoG,PHT69,21,9,1206,0.937999444
207,MIH119_1207,NA,MoG/PHT69,MoG/PHT69,NA,1,NA,PHT69,20,9,1207,0.902305417
208,MIH119_1208,WIPV18/30816,PHW65_MoG_0160/PHT69,PHW65_MoG_0160/PHT69,WIPV17/30460,1,PHW65_MoG,PHT69,19,9,1208,0.921911944
209,MIH119_1209,WIPV17/30568,PHW65_MoG_0499/PHT69,PHW65_MoG_0467/PHT69,WIPV17/30564,NA,PHW65_MoG,PHT69,18,9,1209,0.8905125
210,MIH119_1210,WIPV17/30559,PHW65_MoG_0449/PHT69,PHW65_MoG_0449/PHT69,WIPV17/30559,1,PHW65_MoG,PHT69,17,9,1210,0.85487375
211,MIH119_1211,WIPV17/31144,PHW65_MoG_0411/PHT69,PHW65_MoG_0411/PHT69,WIPV17/31144,1,PHW65_MoG,PHT69,16,9,1211,0.935260139
212,MIH119_1212,NA,B37/H95,B37/H95,NA,1,NA,NA,15,9,1212,0.933838472
213,MIH119_1213,WIPV17/31031,PHW65_MoG_0118/PHT69,PHW65_MoG_0119/PHT69,WIPV17/31032,NA,PHW65_MoG,PHT69,14,9,1213,0.913440833
214,MIH119_1214,WIPV17/31108,PHW65_MoG_0297/PHT69,PHW65_MoG_0297/PHT69,WIPV17/31108,1,PHW65_MoG,PHT69,13,9,1214,0.9451375
215,MIH119_1215,WIPV17/30422,PHW65_MoG_0096/PHT69,PHW65_MoG_0111/PHT69,WIPV17/30427,NA,PHW65_MoG,PHT69,12,9,1215,0.908244583
216,MIH119_1216,WIPV17/30422,PHW65_MoG_0096/PHT69,PHW65_MoG_0096/PHT69,WIPV17/30422,1,PHW65_MoG,PHT69,11,9,1216,0.793335278
217,MIH119_1217,NA,B37/OH43,B14A/OH43,NA,NA,NA,NA,10,9,1217,0.926005
218,MIH119_1218,WIPV18/30640,PHW65_MoG_0423/PHT69,PHW65_MoG_0423/PHT69,WIPV17/30548,1,PHW65_MoG,PHT69,9,9,1218,0.930244167
219,MIH119_1219,WIPV17/31121,PHW65_MoG_0326/PHT69,PHW65_MoG_0326/PHT69,WIPV17/31121,1,PHW65_MoG,PHT69,8,9,1219,0.935406111
220,MIH119_1220,WIPV18/30479,PHW65_MoG_0062/PHT69,PHW65_MoG_0062/PHT69,WIPV17/30407,1,PHW65_MoG,PHT69,7,9,1220,0.920647222
221,MIH119_1221,WIPV17/30429,PHW65_MoG_0116/PHT69,PHW65_MoG_0116/PHT69,WIPV17/30429,1,PHW65_MoG,PHT69,6,9,1221,0.901159167
222,MIH119_1222,WIPV18/30630,PHW65_MoG_0118/PHT69,PHW65_MoG_0118/PHT69,WIPV17/31031,1,PHW65_MoG,PHT69,5,9,1222,0.9111
223,MIH119_1223,WIPV17/31161,PHW65_MoG_0460/PHT69,PHW65_MoG_0460/PHT69,WIPV17/31161,1,PHW65_MoG,PHT69,4,9,1223,0.874986111
224,MIH119_1224,WIPV17/30578,PHW65_MoG_0545/PHT69,PHW65_MoG_0544/PHT69,WIPV17/30577,NA,PHW65_MoG,PHT69,3,9,1224,0.74888
225,MIH119_1225,WIPV18/30597,PHW65_MoG_0539/PHT69,PHW65_MoG_0539/PHT69,WIPV17/31175,1,PHW65_MoG,PHT69,3,10,1225,0.90174125
226,MIH119_1226,WIPV18/30410,PHW65_MoG_0025/PHT69,PHW65_MoG_0025/PHT69,WIPV17/30387,1,PHW65_MoG,PHT69,4,10,1226,0.920252361
227,MIH119_1227,WIPV18/30457,PHW65_MoG_0098/PHT69,PHW65_MoG_0098/PHT69,WIPV17/31023,1,PHW65_MoG,PHT69,5,10,1227,0.913482639
228,MIH119_1228,WIPV18/30422,PHW65_MoG_0067/PHT69,PHW65_MoG_0067/PHT69,WIPV17/30410,1,PHW65_MoG,PHT69,6,10,1228,0.9271075
229,MIH119_1229,WIPV17/30486,PHW65_MoG_0215/PHT69,PHW65_MoG_0215/PHT69,WIPV17/30486,1,PHW65_MoG,PHT69,7,10,1229,0.89902
230,MIH119_1230,NA,F42/OH43,F42/MO17,NA,NA,NA,NA,8,10,1230,0.909594375
231,MIH119_1231,WIPV18/30670,PHW65_MoG_0156/PHT69,PHW65_MoG_0156/PHT69,WIPV17/31057,1,PHW65_MoG,PHT69,9,10,1231,0.931025278
232,MIH119_1232,WIPV17/30968,PHN11_PHW65_0614/PHT69,PHW65_MoG_0015/PHT69,WIPV17/30980,NA,PHN11_PHW65,PHT69,10,10,1232,0.911617639
233,MIH119_1233,WIPV17/30558,PHW65_MoG_0448/PHT69,PHW65_MoG_0448/PHT69,WIPV17/30558,1,PHW65_MoG,PHT69,11,10,1233,0.8504875
234,MIH119_1234,WIPV17/31114,PHW65_MoG_0310/PHT69,PHW65_MoG_0310/PHT69,WIPV17/31114,1,PHW65_MoG,PHT69,12,10,1234,0.912613958
235,MIH119_1235,WIPV18/30621,PHW65_MoG_0340/PHT69,PHW65_MoG_0340/PHT69,WIPV17/31127,1,PHW65_MoG,PHT69,13,10,1235,0.923678167
236,MIH119_1236,WIPV17/30413,PHW65_MoG_0071/PHT69,PHW65_MoG_0071/PHT69,WIPV17/30413,1,PHW65_MoG,PHT69,14,10,1236,0.899213194
237,MIH119_1237,WIPV18/30420,PHW65_MoG_0431/PHT69,PHW65_MoG_0431/PHT69,WIPV17/31152,1,PHW65_MoG,PHT69,15,10,1237,0.915199861
238,MIH119_1238,WIPV17/30499,PHW65_MoG_0266/PHT69,PHW65_MoG_0266/PHT69,WIPV17/30499,1,PHW65_MoG,PHT69,16,10,1238,0.910997778
239,MIH119_1239,WIPV18/30390,PHW65_MoG_0034/PHT69,PHW65_MoG_0050/PHT69,WIPV17/30397,NA,PHW65_MoG,PHT69,17,10,1239,0.930604306
240,MIH119_1240,NA,B37/H95,B73/MO17,NA,NA,NA,NA,18,10,1240,0.941221944
241,MIH119_1241,WIPV18/30586,PHW65_MoG_0072/PHT69,PHW65_MoG_0072/PHT69,WIPV17/31014,1,PHW65_MoG,PHT69,19,10,1241,0.860785417
242,MIH119_1242,WIPV17/31181,PHW65_MoG_0554/PHT69,PHW65_MoG_0560/PHT69,WIPV17/31182,NA,PHW65_MoG,PHT69,20,10,1242,0.935810556
243,MIH119_1243,WIPV18/30542,PHW65_MoG_0170/PHT69,PHW65_MoG_0170/PHT69,WIPV17/30463,1,PHW65_MoG,PHT69,21,10,1243,0.88719625
244,MIH119_1244,WIPV17/31030,PHW65_MoG_0117/PHT69,PHW65_MoG_0122/PHT69,WIPV17/31034,NA,PHW65_MoG,PHT69,22,10,1244,0.935373333
245,MIH119_1245,WIPV18/30590,PHW65_MoG_0513/PHT69,PHW65_MoG_0513/PHT69,WIPV17/31171,1,PHW65_MoG,PHT69,23,10,1245,0.899078833
246,MIH119_1246,WIPV17/31044,PHW65_MoG_0137/PHT69,PHW65_MoG_0137/PHT69,WIPV17/31044,1,PHW65_MoG,PHT69,24,10,1246,0.920974583
247,MIH119_1247,WIPV17/30529,PHW65_MoG_0343/PHT69,PHW65_MoG_0343/PHT69,WIPV17/30529,1,PHW65_MoG,PHT69,25,10,1247,0.918105556
248,MIH119_1248,WIPV17/31140,PHW65_MoG_0392/PHT69,PHW65_MoG_0392/PHT69,WIPV17/31140,1,PHW65_MoG,PHT69,26,10,1248,0.921984722
249,MIH119_1249,WIPV17/31069,PHW65_MoG_0179/PHT69,PHW65_MoG_0179/PHT69,WIPV17/31069,1,PHW65_MoG,PHT69,27,10,1249,0.925453472
250,MIH119_1250,WIPV18/30507,PHW65_MoG_0218/PHT69,PHW65_MoG_0218/PHT69,WIPV17/30488,1,PHW65_MoG,PHT69,28,10,1250,0.914443611
251,MIH119_2001,WIPV17/31174,PHW65_MoG_0534/PHT69,PHW65_MoG_0534/PHT69,WIPV17/31174,1,PHW65_MoG,PHT69,29,10,2001,0.922916667
252,MIH119_2002,WIPV17/30526,PHW65_MoG_0338/PHT69,PHW65_MoG_0338/PHT69,WIPV17/30526,1,PHW65_MoG,PHT69,30,10,2002,0.887653333
253,MIH119_2003,WIPV18/30646,PHW65_MoG_0517/PHT69,PHW65_MoG_0517/PHT69,WIPV17/30572,1,PHW65_MoG,PHT69,30,11,2003,0.775553
254,MIH119_2004,WIPV17/31148,PHW65_MoG_0423/PHT69,PHW65_MoG_0354/PHT69,WIPV17/31132,NA,PHW65_MoG,PHT69,29,11,2004,0.920905278
255,MIH119_2005,WIPV17/30465,PHW65_MoG_0173/PHT69,PHW65_MoG_0175/PHT69,WIPV17/30466,NA,PHW65_MoG,PHT69,28,11,2005,0.920390694
256,MIH119_2006,WIPV17/31098,PHW65_MoG_0262/PHT69,PHW65_MoG_0262/PHT69,WIPV17/31098,1,PHW65_MoG,PHT69,27,11,2006,0.911881944
257,MIH119_2007,WIPV18/30463,PHW65_MoG_0060/PHT69,PHW65_MoG_0060/PHT69,WIPV17/31005,1,PHW65_MoG,PHT69,26,11,2007,0.894145833
258,MIH119_2008,WIPV18/30615,PHW65_MoG_0021/PHT69,PHW65_MoG_0021/PHT69,WIPV17/30984,1,PHW65_MoG,PHT69,25,11,2008,0.921138472
259,MIH119_2009,WIPV17/31117,PHW65_MoG_0314/PHT69,PHW65_MoG_0314/PHT69,WIPV17/31117,1,PHW65_MoG,PHT69,24,11,2009,0.927194444
260,MIH119_2010,WIPV18/30529,PHW65_MoG_0087/PHT69,PHW65_MoG_0087/PHT69,WIPV17/31020,1,PHW65_MoG,PHT69,23,11,2010,0.905995139
261,MIH119_2011,WIPV17/31141,PHW65_MoG_0393/PHT69,PHW65_MoG_0420/PHT69,WIPV17/31145,NA,PHW65_MoG,PHT69,22,11,2011,0.915749583
262,MIH119_2012,WIPV18/30455,PHW65_MoG_0176/PHT69,PHW65_MoG_0176/PHT69,WIPV17/31067,1,PHW65_MoG,PHT69,21,11,2012,0.9160925
263,MIH119_2013,WIPV17/31030,PHW65_MoG_0117/PHT69,PHW65_MoG_0129/PHT69,WIPV17/31040,NA,PHW65_MoG,PHT69,20,11,2013,0.936699306
264,MIH119_2014,WIPV17/31151,PHW65_MoG_0429/PHT69,PHW65_MoG_0426/PHT69,WIPV17/31150,NA,PHW65_MoG,PHT69,19,11,2014,0.925321944
265,MIH119_2015,WIPV17/31004,PHW65_MoG_0059/PHT69,PHW65_MoG_0059/PHT69,WIPV17/31004,1,PHW65_MoG,PHT69,18,11,2015,0.946818
266,MIH119_2016,WIPV17/31003,PHW65_MoG_0057/PHT69,PHW65_MoG_0057/PHT69,WIPV17/31003,1,PHW65_MoG,PHT69,17,11,2016,0.928359333
267,MIH119_2017,WIPV17/30989,PHW65_MoG_0032/PHT69,PHW65_MoG_0032/PHT69,WIPV17/30989,1,PHW65_MoG,PHT69,16,11,2017,0.928360278
268,MIH119_2018,WIPV17/31118,PHW65_MoG_0315/PHT69,PHW65_MoG_0315/PHT69,WIPV17/31118,1,PHW65_MoG,PHT69,15,11,2018,0.918958056
269,MIH119_2019,WIPV17/30552,PHW65_MoG_0431/PHT69,PHW65_MoG_0438/PHT69,WIPV17/30554,NA,PHW65_MoG,PHT69,14,11,2019,0.911034028
270,MIH119_2020,NA,2369/LH123HT,2369/LH123HT,NA,1,NA,NA,13,11,2020,0.915194861
271,MIH119_2021,WIPV17/30966,PHN11_PHW65_0604/PHT69,PHW65_MoG_0001/PHT69,WIPV17/30973,NA,PHN11_PHW65,PHT69,12,11,2021,0.940599861
272,MIH119_2022,WIPV18/30508,PHW65_MoG_0159/PHT69,PHW65_MoG_0159/PHT69,WIPV17/31059,1,PHW65_MoG,PHT69,11,11,2022,0.928138611
273,MIH119_2023,WIPV18/30486,PHW65_MoG_0620/PHT69,PHW65_MoG_0620/PHT69,WIPV17/31191,1,PHW65_MoG,PHT69,10,11,2023,0.915262361
274,MIH119_2024,WIPV18/30644,PHW65_MoG_0172/PHT69,PHW65_MoG_0172/PHT69,WIPV17/30464,1,PHW65_MoG,PHT69,9,11,2024,0.932221389
275,MIH119_2025,NA,PHW65/PHT69,PHW65/PHT69,NA,1,NA,PHT69,8,11,2025,0.906886111
276,MIH119_2026,WIPV18/30663,PHW65_MoG_0142/PHT69,PHW65_MoG_0142/PHT69,WIPV17/31048,1,PHW65_MoG,PHT69,7,11,2026,0.918891528
277,MIH119_2027,WIPV18/30517,PHW65_MoG_0307/PHT69,PHW65_MoG_0307/PHT69,WIPV17/30512,1,PHW65_MoG,PHT69,6,11,2027,0.914785833
278,MIH119_2028,WIPV17/31131,PHW65_MoG_0306/PHT69,PHW65_MoG_0422/PHT69,WIPV17/31147,NA,PHW65_MoG,PHT69,5,11,2028,0.922766111
279,MIH119_2029,WIPV18/30430,PHW65_MoG_0051/PHT69,PHW65_MoG_0051/PHT69,WIPV17/30998,1,PHW65_MoG,PHT69,4,11,2029,0.937026806
280,MIH119_2030,WIPV17/30977,PHW65_MoG_0009/PHT69,PHW65_MoG_0009/PHT69,WIPV17/30977,1,PHW65_MoG,PHT69,3,11,2030,0.92177
281,MIH119_2031,WIPV18/30582,PHW65_MoG_0148/PHT69,PHW65_MoG_0148/PHT69,WIPV17/31052,1,PHW65_MoG,PHT69,3,12,2031,0.900079722
282,MIH119_2032,WIPV18/30642,PHW65_MoG_0054/PHT69,PHW65_MoG_0054/PHT69,WIPV17/31000,1,PHW65_MoG,PHT69,4,12,2032,0.9202925
283,MIH119_2033,WIPV17/30445,PHW65_MoG_0138/PHT69,PHW65_MoG_0138/PHT69,WIPV17/30445,1,PHW65_MoG,PHT69,5,12,2033,0.902790694
284,MIH119_2034,WIPV17/30995,PHW65_MoG_0041/PHT69,PHW65_MoG_0041/PHT69,WIPV17/30995,1,PHW65_MoG,PHT69,6,12,2034,0.897571111
285,MIH119_2035,WIPV18/30594,PHW65_MoG_0126/PHT69,PHW65_MoG_0126/PHT69,WIPV17/31037,1,PHW65_MoG,PHT69,7,12,2035,0.912329667
286,MIH119_2036,WIPV18/30557,PHW65_MoG_0199/PHT69,PHW65_MoG_0199/PHT69,WIPV17/31079,1,PHW65_MoG,PHT69,8,12,2036,0.918007361
287,MIH119_2037,NA,MoG/PHT69,MoG/PHT69,NA,1,NA,PHT69,9,12,2037,0.908348472
288,MIH119_2038,WIPV18/30546,PHW65_MoG_0063/PHT69,PHW65_MoG_0063/PHT69,WIPV17/31008,1,PHW65_MoG,PHT69,10,12,2038,0.9086925
289,MIH119_2039,WIPV17/30513,PHW65_MoG_0308/PHT69,PHW65_MoG_0312/PHT69,WIPV17/30516,NA,PHW65_MoG,PHT69,11,12,2039,0.922468611
290,MIH119_2040,WIPV18/30693,PHW65_MoG_0206/PHT69,PHW65_MoG_0206/PHT69,WIPV17/31083,1,PHW65_MoG,PHT69,12,12,2040,0.92120625
291,MIH119_2041,NA,CG119/CG108,LOCAL CHECK = LG5499VT2RIB,NA,NA,NA,NA,13,12,2041,0.933370139
292,MIH119_2042,WIPV17/30593,PHW65_MoG_0622/PHT69,PHW65_MoG_0622/PHT69,WIPV17/30593,1,PHW65_MoG,PHT69,14,12,2042,0.918485667
293,MIH119_2043,NA,OH43/B37,LH74/PHN82,NA,NA,NA,NA,15,12,2043,0.926249444
294,MIH119_2044,WIPV17/30513,PHW65_MoG_0308/PHT69,PHW65_MoG_0308/PHT69,WIPV17/30513,1,PHW65_MoG,PHT69,16,12,2044,0.922959028
295,MIH119_2045,WIPV18/30619,PHW65_MoG_0522/PHT69,PHW65_MoG_0522/PHT69,WIPV17/31173,1,PHW65_MoG,PHT69,17,12,2045,0.916325972
296,MIH119_2046,NA,F42/OH43,F42/MO17,NA,NA,NA,NA,18,12,2046,0.7792005
297,MIH119_2047,WIPV18/30561,PHW65_MoG_0040/PHT69,PHW65_MoG_0040/PHT69,WIPV17/30394,1,PHW65_MoG,PHT69,19,12,2047,0.911420972
298,MIH119_2048,WIPV18/30610,PHW65_MoG_0332/PHT69,PHW65_MoG_0332/PHT69,WIPV17/31124,1,PHW65_MoG,PHT69,20,12,2048,0.911817083
299,MIH119_2049,WIPV17/30491,PHW65_MoG_0224/PHT69,PHW65_MoG_0236/PHT69,WIPV17/30493,NA,PHW65_MoG,PHT69,21,12,2049,0.930549583
300,MIH119_2050,WIPV17/30578,PHW65_MoG_0545/PHT69,PHW65_MoG_0545/PHT69,WIPV17/30578,1,PHW65_MoG,PHT69,22,12,2050,0.905827639
301,MIH119_2051,WIPV18/30639,PHW65_MoG_0461/PHT69,PHW65_MoG_0461/PHT69,WIPV17/30562,1,PHW65_MoG,PHT69,23,12,2051,0.909332083
302,MIH119_2052,WIPV18/30563,PHW65_MoG_0143/PHT69,PHW65_MoG_0143/PHT69,WIPV17/30449,1,PHW65_MoG,PHT69,24,12,2052,0.929985278
303,MIH119_2053,NA,F42/OH43,F42/H95,NA,NA,NA,NA,25,12,2053,0.935947083
304,MIH119_2054,WIPV17/31200,PHW65_MoG_0696/PHT69,PHW65_MoG_0675/PHT69,WIPV17/31199,NA,PHW65_MoG,PHT69,26,12,2054,0.935453472
305,MIH119_2055,WIPV18/30411,PHW65_MoG_0569/PHT69,PHW65_MoG_0064/PHT69,WIPV17/30409,NA,PHW65_MoG,PHT69,27,12,2055,0.920771944
306,MIH119_2056,WIPV18/30598,PHW65_MoG_0296/PHT69,PHW65_MoG_0296/PHT69,WIPV17/31107,1,PHW65_MoG,PHT69,28,12,2056,0.904905278
307,MIH119_2057,WIPV18/30662,PHW65_MoG_0085/PHT69,PHW65_MoG_0085/PHT69,WIPV17/31018,1,PHW65_MoG,PHT69,29,12,2057,0.916513194
308,MIH119_2058,NA,B37/H95,B73/PHM49,NA,NA,NA,NA,30,12,2058,0.922147083
309,MIH119_2059,WIPV17/30505,PHW65_MoG_0293/PHT69,PHW65_MoG_0293/PHT69,WIPV17/30505,1,PHW65_MoG,PHT69,30,13,2059,0.922611806
310,MIH119_2060,WIPV17/31111,PHW65_MoG_0306/PHT69,PHW65_MoG_0271/PHT69,WIPV17/31101,NA,PHW65_MoG,PHT69,29,13,2060,0.924434028
311,MIH119_2061,WIPV18/30450,PHW65_MoG_0117/PHT69,PHW65_MoG_0117/PHT69,WIPV17/31030,1,PHW65_MoG,PHT69,28,13,2061,0.93816
312,MIH119_2062,WIPV17/31115,PHW65_MoG_0311/PHT69,PHW65_MoG_0311/PHT69,WIPV17/31115,1,PHW65_MoG,PHT69,27,13,2062,0.920006944
313,MIH119_2063,NA,B37/MO17,B37/MO17,NA,1,NA,NA,26,13,2063,0.910145333
314,MIH119_2064,WIPV17/31134,PHW65_MoG_0375/PHT69,PHW65_MoG_0375/PHT69,WIPV17/31134,1,PHW65_MoG,PHT69,25,13,2064,0.920340833
315,MIH119_2065,WIPV18/30401,PHW65_MoG_0439/PHT69,PHW65_MoG_0439/PHT69,WIPV17/30555,1,PHW65_MoG,PHT69,24,13,2065,0.920203889
316,MIH119_2066,WIPV18/30666,PHW65_MoG_0180/PHT69,PHW65_MoG_0180/PHT69,WIPV17/31070,1,PHW65_MoG,PHT69,23,13,2066,0.8694275
317,MIH119_2067,WIPV18/30440,PHW65_MoG_0277/PHT69,PHW65_MoG_0277/PHT69,WIPV17/31102,1,PHW65_MoG,PHT69,22,13,2067,0.911197361
318,MIH119_2068,WIPV17/31135,PHW65_MoG_0377/PHT69,PHW65_MoG_0377/PHT69,WIPV17/31135,1,PHW65_MoG,PHT69,21,13,2068,0.930501167
319,MIH119_2069,WIPV17/31043,PHW65_MoG_0133/PHT69,PHW65_MoG_0132/PHT69,WIPV17/31042,NA,PHW65_MoG,PHT69,20,13,2069,0.927368056
320,MIH119_2070,WIPV17/31054,PHW65_MoG_0152/PHT69,PHW65_MoG_0152/PHT69,WIPV17/31054,1,PHW65_MoG,PHT69,19,13,2070,0.902306944
321,MIH119_2071,WIPV18/30524,PHW65_MoG_0200/PHT69,PHW65_MoG_0200/PHT69,WIPV17/30480,1,PHW65_MoG,PHT69,18,13,2071,0.893949167
322,MIH119_2072,WIPV18/30452,PHW65_MoG_0018/PHT69,PHW65_MoG_0018/PHT69,WIPV17/30983,1,PHW65_MoG,PHT69,17,13,2072,0.927727333
323,MIH119_2073,WIPV17/30568,PHW65_MoG_0499/PHT69,PHW65_MoG_0499/PHT69,WIPV17/30568,1,PHW65_MoG,PHT69,16,13,2073,0.87661875
324,MIH119_2074,WIPV18/30560,PHW65_MoG_0444/PHT69,PHW65_MoG_0444/PHT69,WIPV17/31157,1,PHW65_MoG,PHT69,15,13,2074,0.894073889
325,MIH119_2075,WIPV17/30968,PHN11_PHW65_0614/PHT69,PHW65_MoG_0014/PHT69,WIPV17/30979,NA,PHN11_PHW65,PHT69,14,13,2075,0.905370556
326,MIH119_2076,WIPV17/30471,PHW65_MoG_0181/PHT69,PHW65_MoG_0183/PHT69,WIPV17/30472,NA,PHW65_MoG,PHT69,13,13,2076,0.930331528
327,MIH119_2077,WIPV18/30603,PHW65_MoG_0511/PHT69,PHW65_MoG_0511/PHT69,WIPV17/31169,1,PHW65_MoG,PHT69,12,13,2077,0.918194722
328,MIH119_2078,WIPV18/30403,PHW65_MoG_0017/PHT69,PHW65_MoG_0017/PHT69,WIPV17/30982,1,PHW65_MoG,PHT69,11,13,2078,0.9201625
329,MIH119_2079,WIPV18/30550,PHW65_MoG_0572/PHT69,PHW65_MoG_0572/PHT69,WIPV17/31185,1,PHW65_MoG,PHT69,10,13,2079,0.902285278
330,MIH119_2080,WIPV17/30406,PHW65_MoG_0061/PHT69,PHW65_MoG_0061/PHT69,WIPV17/30406,1,PHW65_MoG,PHT69,9,13,2080,0.912491042
331,MIH119_2081,WIPV17/30555,PHW65_MoG_0439/PHT69,PHW65_MoG_0442/PHT69,WIPV17/30556,NA,PHW65_MoG,PHT69,8,13,2081,0.913165556
332,MIH119_2082,WIPV18/30660,PHW65_MoG_0287/PHT69,PHW65_MoG_0287/PHT69,WIPV17/31103,1,PHW65_MoG,PHT69,7,13,2082,0.915645972
333,MIH119_2083,WIPV18/30456,PHW65_MoG_0052/PHT69,PHW65_MoG_0052/PHT69,WIPV17/30999,1,PHW65_MoG,PHT69,6,13,2083,0.908890694
334,MIH119_2084,WIPV18/30503,PHW65_MoG_0662/PHT69,PHW65_MoG_0662/PHT69,WIPV17/31198,1,PHW65_MoG,PHT69,5,13,2084,0.924481389
335,MIH119_2085,WIPV17/31014,PHW65_MoG_0072/PHT69,PHW65_MoG_0075/PHT69,WIPV17/31015,NA,PHW65_MoG,PHT69,4,13,2085,0.921499667
336,MIH119_2086,WIPV17/30583,PHW65_MoG_0567/PHT69,PHW65_MoG_0567/PHT69,WIPV17/30583,1,PHW65_MoG,PHT69,3,13,2086,0.903236875
337,MIH119_2087,WIPV18/30512,PHW65_MoG_0305/PHT69,PHW65_MoG_0305/PHT69,WIPV17/31110,1,PHW65_MoG,PHT69,3,14,2087,0.865664861
338,MIH119_2088,NA,B37/MO17,B14A/MO17,NA,NA,NA,NA,4,14,2088,0.919693056
339,MIH119_2089,WIPV18/30506,PHW65_MoG_0191/PHT69,PHW65_MoG_0191/PHT69,WIPV17/31074,1,PHW65_MoG,PHT69,5,14,2089,0.942271806
340,MIH119_2090,WIPV18/30583,PHW65_MoG_0203/PHT69,PHW65_MoG_0203/PHT69,WIPV17/31082,1,PHW65_MoG,PHT69,6,14,2090,0.896852833
341,MIH119_2091,WIPV17/31196,PHW65_MoG_0651/PHT69,PHW65_MoG_0651/PHT69,WIPV17/31196,1,PHW65_MoG,PHT69,7,14,2091,0.927171389
342,MIH119_2092,WIPV17/30568,PHW65_MoG_0499/PHT69,PHW65_MoG_0512/PHT69,WIPV17/30570,NA,PHW65_MoG,PHT69,8,14,2092,0.914501806
343,MIH119_2093,WIPV18/30654,PHW65_MoG_0024/PHT69,PHW65_MoG_0024/PHT69,WIPV17/30386,1,PHW65_MoG,PHT69,9,14,2093,0.912495278
344,MIH119_2094,WIPV17/31066,PHW65_MoG_0175/PHT69,PHW65_MoG_0157/PHT69,WIPV17/31058,NA,PHW65_MoG,PHT69,10,14,2094,0.864327
345,MIH119_2095,WIPV17/31026,PHW65_MoG_0109/PHT69,PHW65_MoG_0109/PHT69,WIPV17/31026,1,PHW65_MoG,PHT69,11,14,2095,0.91914
346,MIH119_2096,WIPV18/30613,PHW65_MoG_0221/PHT69,PHW65_MoG_0221/PHT69,WIPV17/31089,1,PHW65_MoG,PHT69,12,14,2096,0.924479833
347,MIH119_2097,WIPV18/30399,Mo44_PHW65_0105/PHT69,Mo44_PHW65_0105/PHT69,WIPV17/30644,1,Mo44_PHW65,PHT69,13,14,2097,0.911274667
348,MIH119_2098,WIPV18/30493,Mo44_PHW65_0154/PHT69,Mo44_PHW65_0154/PHT69,WIPV17/30664,1,Mo44_PHW65,PHT69,14,14,2098,0.920924792
349,MIH119_2099,WIPV17/30686,Mo44_PHW65_0188/PHT69,Mo44_PHW65_0188/PHT69,WIPV17/30686,1,Mo44_PHW65,PHT69,15,14,2099,0.847593333
350,MIH119_2100,WIPV18/30523,Mo44_PHW65_0180/PHT69,Mo44_PHW65_0180/PHT69,WIPV17/30682,1,Mo44_PHW65,PHT69,16,14,2100,0.933088472
351,MIH119_2101,WIPV17/30657,Mo44_PHW65_0139/PHT69,Mo44_PHW65_0121/PHT69,WIPV17/30652,NA,Mo44_PHW65,PHT69,17,14,2101,0.926938194
352,MIH119_2102,WIPV18/30609,Mo44_PHW65_0020/PHT69,Mo44_PHW65_0020/PHT69,WIPV17/30608,1,Mo44_PHW65,PHT69,18,14,2102,0.877333056
353,MIH119_2103,WIPV17/30671,Mo44_PHW65_0165/PHT69,Mo44_PHW65_0165/PHT69,WIPV17/30671,1,Mo44_PHW65,PHT69,19,14,2103,0.897235208
354,MIH119_2104,WIPV17/30675,Mo44_PHW65_0171/PHT69,Mo44_PHW65_0176/PHT69,WIPV17/30678,NA,Mo44_PHW65,PHT69,20,14,2104,0.931292083
355,MIH119_2105,WIPV18/30443,Mo44_PHW65_0446/PHT69,Mo44_PHW65_0446/PHT69,WIPV17/30752,1,Mo44_PHW65,PHT69,21,14,2105,0.925585972
356,MIH119_2106,WIPV17/30111,Mo44_PHW65_0253/PHT69,Mo44_PHW65_0253/PHT69,WIPV17/30111,1,Mo44_PHW65,PHT69,22,14,2106,0.906115417
357,MIH119_2107,WIPV18/30659,Mo44_PHW65_0404/PHT69,Mo44_PHW65_0404/PHT69,WIPV17/30747,1,Mo44_PHW65,PHT69,23,14,2107,0.893034375
358,MIH119_2108,WIPV18/30444,Mo44_PHW65_0093/PHT69,Mo44_PHW65_0093/PHT69,WIPV17/30038,1,Mo44_PHW65,PHT69,24,14,2108,0.89289625
359,MIH119_2109,NA,F42/OH43,F42/OH43,NA,1,NA,NA,25,14,2109,0.924414167
360,MIH119_2110,WIPV17/30605,Mo44_PHW65_0012/PHT69,Mo44_PHW65_0037/PHT69,WIPV17/30620,NA,Mo44_PHW65,PHT69,26,14,2110,0.911047833
361,MIH119_2111,WIPV18/30419,Mo44_PHW65_0396/PHT69,Mo44_PHW65_0396/PHT69,WIPV17/30745,1,Mo44_PHW65,PHT69,27,14,2111,0.93933625
362,MIH119_2112,WIPV17/30698,Mo44_PHW65_0220/PHT69,Mo44_PHW65_0223/PHT69,WIPV17/30699,NA,Mo44_PHW65,PHT69,28,14,2112,0.926607083
363,MIH119_2113,WIPV17/30643,Mo44_PHW65_0104/PHT69,Mo44_PHW65_0104/PHT69,WIPV17/30643,1,Mo44_PHW65,PHT69,29,14,2113,0.909983
364,MIH119_2114,WIPV18/30491,Mo44_PHW65_0288/PHT69,Mo44_PHW65_0288/PHT69,WIPV17/30721,1,Mo44_PHW65,PHT69,30,14,2114,0.914169722
365,MIH119_2115,WIPV18/30521,Mo44_PHW65_0099/PHT69,Mo44_PHW65_0099/PHT69,WIPV17/30640,1,Mo44_PHW65,PHT69,30,15,2115,0.895173056
366,MIH119_2116,NA,Mo44/PHT69,Mo44/PHT69,NA,1,NA,PHT69,29,15,2116,0.9079575
367,MIH119_2117,NA,CG44/CGR01,CG44/CGR01,NA,1,NA,NA,28,15,2117,0.900014306
368,MIH119_2118,WIPV18/30408,Mo44_PHW65_0029/PHT69,Mo44_PHW65_0029/PHT69,WIPV17/30014,1,Mo44_PHW65,PHT69,27,15,2118,0.919732083
369,MIH119_2119,WIPV18/30539,Mo44_PHW65_0151/PHT69,Mo44_PHW65_0151/PHT69,WIPV17/30663,1,Mo44_PHW65,PHT69,26,15,2119,0.867027292
370,MIH119_2120,WIPV17/30006,Mo44_PHW65_0015/PHT69,Mo44_PHW65_0023/PHT69,WIPV17/30009,NA,Mo44_PHW65,PHT69,25,15,2120,0.888641667
371,MIH119_2121,NA,B37/H95,B73/MO17,NA,NA,NA,NA,24,15,2121,0.926728833
372,MIH119_2122,WIPV18/30502,Mo44_PHW65_0328/PHT69,Mo44_PHW65_0328/PHT69,WIPV17/30732,1,Mo44_PHW65,PHT69,23,15,2122,0.9084325
373,MIH119_2123,WIPV17/30693,Mo44_PHW65_0207/PHT69,Mo44_PHW65_0187/PHT69,WIPV17/30685,NA,Mo44_PHW65,PHT69,22,15,2123,0.867007222
374,MIH119_2124,WIPV18/30614,Mo44_PHW65_0416/PHT69,Mo44_PHW65_0416/PHT69,WIPV17/30748,1,Mo44_PHW65,PHT69,21,15,2124,0.905625833
375,MIH119_2125,WIPV18/30558,Mo44_PHW65_0063/PHT69,Mo44_PHW65_0063/PHT69,WIPV17/30627,1,Mo44_PHW65,PHT69,20,15,2125,0.920141528
376,MIH119_2126,WIPV18/30585,Mo44_PHW65_0315/PHT69,Mo44_PHW65_0315/PHT69,WIPV17/30725,1,Mo44_PHW65,PHT69,19,15,2126,0.902932708
377,MIH119_2127,WIPV17/30667,Mo44_PHW65_0159/PHT69,Mo44_PHW65_0159/PHT69,WIPV17/30667,1,Mo44_PHW65,PHT69,18,15,2127,0.88665125
378,MIH119_2128,WIPV17/30684,Mo44_PHW65_0185/PHT69,Mo44_PHW65_0185/PHT69,WIPV17/30684,1,Mo44_PHW65,PHT69,17,15,2128,0.909452222
379,MIH119_2129,WIPV18/30437,Mo44_PHW65_0442/PHT69,Mo44_PHW65_0442/PHT69,WIPV17/30751,1,Mo44_PHW65,PHT69,16,15,2129,0.876041
380,MIH119_2130,NA,PHW65/PHT69,PHW65/PHT69,NA,1,NA,PHT69,15,15,2130,0.857923333
381,MIH119_2131,WIPV17/30050,Mo44_PHW65_0118/PHT69,Mo44_PHW65_0118/PHT69,WIPV17/30050,1,Mo44_PHW65,PHT69,14,15,2131,0.810215
382,MIH119_2132,WIPV18/30490,Mo44_PHW65_0177/PHT69,Mo44_PHW65_0177/PHT69,WIPV17/30679,1,Mo44_PHW65,PHT69,13,15,2132,0.8928495
383,MIH119_2133,WIPV17/30017,Mo44_PHW65_0034/PHT69,Mo44_PHW65_0034/PHT69,WIPV17/30017,1,Mo44_PHW65,PHT69,12,15,2133,0.928782167
384,MIH119_2134,WIPV17/30626,Mo44_PHW65_0060/PHT69,Mo44_PHW65_0060/PHT69,WIPV17/30626,1,Mo44_PHW65,PHT69,11,15,2134,0.867915
385,MIH119_2135,WIPV18/30445,Mo44_PHW65_0171/PHT69,Mo44_PHW65_0171/PHT69,WIPV17/30675,1,Mo44_PHW65,PHT69,10,15,2135,0.880076458
386,MIH119_2136,WIPV18/30495,Mo44_PHW65_0363/PHT69,Mo44_PHW65_0363/PHT69,WIPV17/30740,1,Mo44_PHW65,PHT69,9,15,2136,0.919230417
387,MIH119_2137,WIPV17/30695,Mo44_PHW65_0214/PHT69,Mo44_PHW65_0230/PHT69,WIPV17/30702,NA,Mo44_PHW65,PHT69,8,15,2137,0.899747639
388,MIH119_2138,WIPV17/30669,Mo44_PHW65_0163/PHT69,Mo44_PHW65_0164/PHT69,WIPV17/30670,NA,Mo44_PHW65,PHT69,7,15,2138,0.882445208
389,MIH119_2139,WIPV18/30664,Mo44_PHW65_0163/PHT69,Mo44_PHW65_0163/PHT69,WIPV17/30669,1,Mo44_PHW65,PHT69,6,15,2139,0.937581167
390,MIH119_2140,WIPV17/30636,Mo44_PHW65_0084/PHT69,Mo44_PHW65_0083/PHT69,WIPV17/30635,NA,Mo44_PHW65,PHT69,5,15,2140,0.942367083
391,MIH119_2141,WIPV18/30601,Mo44_PHW65_0056/PHT69,Mo44_PHW65_0056/PHT69,WIPV17/30625,1,Mo44_PHW65,PHT69,4,15,2141,0.932118194
392,MIH119_2142,NA,H95/B14A,PHG39/PHN82,NA,NA,NA,NA,3,15,2142,0.942279444
393,MIH119_2143,WIPV17/30659,Mo44_PHW65_0144/PHT69,Mo44_PHW65_0144/PHT69,WIPV17/30659,1,Mo44_PHW65,PHT69,3,16,2143,0.887449667
394,MIH119_2144,WIPV18/30592,Mo44_PHW65_0084/PHT69,Mo44_PHW65_0084/PHT69,WIPV17/30636,1,Mo44_PHW65,PHT69,4,16,2144,0.888885333
395,MIH119_2145,WIPV18/30536,Mo44_PHW65_0113/PHT69,Mo44_PHW65_0113/PHT69,WIPV17/30647,1,Mo44_PHW65,PHT69,5,16,2145,0.926016167
396,MIH119_2146,WIPV17/30694,Mo44_PHW65_0210/PHT69,Mo44_PHW65_0210/PHT69,WIPV17/30694,1,Mo44_PHW65,PHT69,6,16,2146,0.907890333
397,MIH119_2147,WIPV18/30658,Mo44_PHW65_0042/PHT69,Mo44_PHW65_0042/PHT69,WIPV17/30021,1,Mo44_PHW65,PHT69,7,16,2147,0.90772875
398,MIH119_2148,WIPV18/30611,Mo44_PHW65_0009/PHT69,Mo44_PHW65_0009/PHT69,WIPV17/30602,1,Mo44_PHW65,PHT69,8,16,2148,0.938220833
399,MIH119_2149,WIPV17/30637,Mo44_PHW65_0092/PHT69,Mo44_PHW65_0092/PHT69,WIPV17/30637,1,Mo44_PHW65,PHT69,9,16,2149,0.9268825
400,MIH119_2150,WIPV17/30695,Mo44_PHW65_0214/PHT69,Mo44_PHW65_0224/PHT69,WIPV17/30700,NA,Mo44_PHW65,PHT69,10,16,2150,0.888117917
401,MIH119_2151,WIPV17/30651,Mo44_PHW65_0120/PHT69,Mo44_PHW65_0120/PHT69,WIPV17/30651,1,Mo44_PHW65,PHT69,11,16,2151,0.904804333
402,MIH119_2152,WIPV17/30639,Mo44_PHW65_0098/PHT69,Mo44_PHW65_0098/PHT69,WIPV17/30639,1,Mo44_PHW65,PHT69,12,16,2152,0.905258
403,MIH119_2153,WIPV18/30474,Mo44_PHW65_0260/PHT69,Mo44_PHW65_0260/PHT69,WIPV17/30715,1,Mo44_PHW65,PHT69,13,16,2153,0.907049167
404,MIH119_2154,WIPV17/30684,Mo44_PHW65_0185/PHT69,Mo44_PHW65_0200/PHT69,WIPV17/30691,NA,Mo44_PHW65,PHT69,14,16,2154,0.88886875
405,MIH119_2155,WIPV17/30680,Mo44_PHW65_0178/PHT69,Mo44_PHW65_0178/PHT69,WIPV17/30680,1,Mo44_PHW65,PHT69,15,16,2155,0.903818667
406,MIH119_2156,WIPV17/30604,Mo44_PHW65_0011/PHT69,Mo44_PHW65_0010/PHT69,WIPV17/30603,NA,Mo44_PHW65,PHT69,16,16,2156,0.898144
407,MIH119_2157,WIPV18/30653,Mo44_PHW65_0035/PHT69,Mo44_PHW65_0035/PHT69,WIPV17/30618,1,Mo44_PHW65,PHT69,17,16,2157,0.895814028
408,MIH119_2158,WIPV18/30617,Mo44_PHW65_0191/PHT69,Mo44_PHW65_0191/PHT69,WIPV17/30688,1,Mo44_PHW65,PHT69,18,16,2158,0.895443611
409,MIH119_2159,WIPV17/30036,Mo44_PHW65_0084/PHT69,Mo44_PHW65_0242/PHT69,WIPV17/30105,NA,Mo44_PHW65,PHT69,19,16,2159,0.913960417
410,MIH119_2160,WIPV17/30011,Mo44_PHW65_0025/PHT69,Mo44_PHW65_0025/PHT69,WIPV17/30011,1,Mo44_PHW65,PHT69,20,16,2160,0.909386667
411,MIH119_2161,WIPV17/30960,PHN11_PHW65_0514/PHT69,PHN11_PHW65_0505/PHT69,WIPV17/30958,NA,PHN11_PHW65,PHT69,21,16,2161,0.911028833
412,MIH119_2162,WIPV17/30852,PHN11_PHW65_0212/PHT69,PHN11_PHW65_0237/PHT69,WIPV17/30860,NA,PHN11_PHW65,PHT69,22,16,2162,0.867751833
413,MIH119_2163,WIPV18/30575,PHN11_PHW65_0225/PHT69,PHN11_PHW65_0225/PHT69,WIPV17/30858,1,PHN11_PHW65,PHT69,23,16,2163,0.901002167
414,MIH119_2164,WIPV17/30944,PHN11_PHW65_0443/PHT69,PHN11_PHW65_0432/PHT69,WIPV17/30943,NA,PHN11_PHW65,PHT69,24,16,2164,0.918307708
415,MIH119_2165,WIPV17/30819,PHN11_PHW65_0125/PHT69,PHN11_PHW65_0125/PHT69,WIPV17/30819,1,PHN11_PHW65,PHT69,25,16,2165,0.940575
416,MIH119_2166,WIPV17/30368,PHN11_PHW65_0614/PHT69,PHN11_PHW65_0614/PHT69,WIPV17/30368,1,PHN11_PHW65,PHT69,26,16,2166,0.761040208
417,MIH119_2167,WIPV17/30788,PHN11_PHW65_0071/PHT69,PHN11_PHW65_0071/PHT69,WIPV17/30788,1,PHN11_PHW65,PHT69,27,16,2167,0.847249861
418,MIH119_2168,WIPV17/30932,PHN11_PHW65_0402/PHT69,PHN11_PHW65_0422/PHT69,WIPV17/30938,NA,PHN11_PHW65,PHT69,28,16,2168,0.905011944
419,MIH119_2169,WIPV17/30784,PHN11_PHW65_0065/PHT69,PHN11_PHW65_0065/PHT69,WIPV17/30784,1,PHN11_PHW65,PHT69,29,16,2169,0.919360167
420,MIH119_2170,WIPV17/30835,PHN11_PHW65_0155/PHT69,PHN11_PHW65_0155/PHT69,WIPV17/30835,1,PHN11_PHW65,PHT69,30,16,2170,0.914741806
421,MIH119_2171,WIPV17/30873,PHN11_PHW65_0267/PHT69,PHN11_PHW65_0277/PHT69,WIPV17/30877,NA,PHN11_PHW65,PHT69,30,17,2171,0.889654583
422,MIH119_2172,WIPV17/30811,PHN11_PHW65_0107/PHT69,PHN11_PHW65_0113/PHT69,WIPV17/30814,NA,PHN11_PHW65,PHT69,29,17,2172,0.917054583
423,MIH119_2173,WIPV17/30929,PHN11_PHW65_0393/PHT69,PHN11_PHW65_0393/PHT69,WIPV17/30929,1,PHN11_PHW65,PHT69,28,17,2173,0.90433
424,MIH119_2174,WIPV17/30910,PHN11_PHW65_0346/PHT69,PHN11_PHW65_0346/PHT69,WIPV17/30910,1,PHN11_PHW65,PHT69,27,17,2174,0.879198472
425,MIH119_2175,WIPV18/30421,PHN11_PHW65_0410/PHT69,PHN11_PHW65_0410/PHT69,WIPV17/30935,1,PHN11_PHW65,PHT69,26,17,2175,0.821044333
426,MIH119_2176,WIPV17/30895,PHN11_PHW65_0315/PHT69,PHN11_PHW65_0315/PHT69,WIPV17/30895,1,PHN11_PHW65,PHT69,25,17,2176,0.895076833
427,MIH119_2177,WIPV17/30764,PHN11_PHW65_0021/PHT69,PHN11_PHW65_0021/PHT69,WIPV17/30764,1,PHN11_PHW65,PHT69,24,17,2177,0.908492833
428,MIH119_2178,WIPV17/30818,PHN11_PHW65_0119/PHT69,PHN11_PHW65_0136/PHT69,WIPV17/30823,NA,PHN11_PHW65,PHT69,23,17,2178,0.901412917
429,MIH119_2179,NA,CG119/CG108,CG119/CG108,NA,1,NA,NA,22,17,2179,0.8055875
430,MIH119_2180,WIPV18/30987,PHN11_PHW65_0514/PHT69,PHN11_PHW65_0514/PHT69,WIPV17/30960,1,PHN11_PHW65,PHT69,21,17,2180,0.889536944
431,MIH119_2181,WIPV18/30624,PHN11_PHW65_0100/PHT69,PHN11_PHW65_0100/PHT69,WIPV17/30806,1,PHN11_PHW65,PHT69,20,17,2181,0.932653167
432,MIH119_2182,NA,B37/H95,B37/H95,NA,1,NA,NA,19,17,2182,0.921468611
433,MIH119_2183,WIPV17/30962,PHN11_PHW65_0548/PHT69,PHN11_PHW65_0548/PHT69,WIPV17/30962,1,PHN11_PHW65,PHT69,18,17,2183,0.9336185
434,MIH119_2184,WIPV17/30815,PHN11_PHW65_0114/PHT69,PHN11_PHW65_0114/PHT69,WIPV17/30815,1,PHN11_PHW65,PHT69,17,17,2184,0.915182639
435,MIH119_2185,WIPV18/30661,PHN11_PHW65_0336/PHT69,PHN11_PHW65_0336/PHT69,WIPV17/30905,1,PHN11_PHW65,PHT69,16,17,2185,0.933950556
436,MIH119_2186,WIPV18/30623,PHN11_PHW65_0284/PHT69,PHN11_PHW65_0284/PHT69,WIPV17/30881,1,PHN11_PHW65,PHT69,15,17,2186,0.824582917
437,MIH119_2187,WIPV17/30898,PHN11_PHW65_0320/PHT69,PHN11_PHW65_0320/PHT69,WIPV17/30898,1,PHN11_PHW65,PHT69,14,17,2187,0.911014861
438,MIH119_2188,WIPV17/30328,PHN11_PHW65_0390/PHT69,PHN11_PHW65_0390/PHT69,WIPV17/30328,1,PHN11_PHW65,PHT69,13,17,2188,0.891988542
439,MIH119_2189,WIPV17/30197,PHN11_PHW65_0081/PHT69,PHN11_PHW65_0081/PHT69,WIPV17/30197,1,PHN11_PHW65,PHT69,12,17,2189,0.918696667
440,MIH119_2190,NA,B37/H95,B73/PHN82,NA,NA,NA,NA,11,17,2190,0.894638472
441,MIH119_2191,WIPV17/30854,PHN11_PHW65_0217/PHT69,PHN11_PHW65_0217/PHT69,WIPV17/30854,1,PHN11_PHW65,PHT69,10,17,2191,0.928337778
442,MIH119_2192,WIPV18/30472,PHN11_PHW65_0591/PHT69,PHN11_PHW65_0591/PHT69,WIPV17/30965,1,PHN11_PHW65,PHT69,9,17,2192,0.9336105
443,MIH119_2193,WIPV17/30773,PHN11_PHW65_0049/PHT69,PHN11_PHW65_0049/PHT69,WIPV17/30773,1,PHN11_PHW65,PHT69,8,17,2193,0.928686111
444,MIH119_2194,NA,PHW52/PHM49,PHW52/PHM49,NA,1,NA,NA,7,17,2194,0.929164583
445,MIH119_2195,WIPV17/30760,PHN11_PHW65_0011/PHT69,PHN11_PHW65_0011/PHT69,WIPV17/30760,1,PHN11_PHW65,PHT69,6,17,2195,0.920694861
446,MIH119_2196,WIPV18/30559,PHN11_PHW65_0372/PHT69,PHN11_PHW65_0372/PHT69,WIPV17/30921,1,PHN11_PHW65,PHT69,5,17,2196,0.946993472
447,MIH119_2197,WIPV17/30957,PHN11_PHW65_0499/PHT69,PHN11_PHW65_0499/PHT69,WIPV17/30957,1,PHN11_PHW65,PHT69,4,17,2197,0.926585833
448,MIH119_2198,WIPV17/30303,PHN11_PHW65_0329/PHT69,PHN11_PHW65_0345/PHT69,WIPV17/30309,NA,PHN11_PHW65,PHT69,3,17,2198,0.88416875
449,MIH119_2199,WIPV17/30897,PHN11_PHW65_0319/PHT69,PHN11_PHW65_0319/PHT69,WIPV17/30897,1,PHN11_PHW65,PHT69,3,18,2199,0.898559583
450,MIH119_2200,WIPV17/30209,PHN11_PHW65_0105/PHT69,PHN11_PHW65_0105/PHT69,WIPV17/30209,1,PHN11_PHW65,PHT69,4,18,2200,0.891549444
451,MIH119_2201,WIPV17/30861,PHN11_PHW65_0241/PHT69,PHN11_PHW65_0241/PHT69,WIPV17/30861,1,PHN11_PHW65,PHT69,5,18,2201,0.921411806
452,MIH119_2202,WIPV17/30342,PHN11_PHW65_0431/PHT69,PHN11_PHW65_0431/PHT69,WIPV17/30342,1,PHN11_PHW65,PHT69,6,18,2202,0.931763056
453,MIH119_2203,WIPV18/30460,PHN11_PHW65_0352/PHT69,PHN11_PHW65_0352/PHT69,WIPV17/30312,1,PHN11_PHW65,PHT69,7,18,2203,0.920569028
454,MIH119_2204,NA,B37/OH43,B37/OH43,NA,1,NA,NA,8,18,2204,0.925232778
455,MIH119_2205,WIPV17/30759,PHN11_PHW65_0010/PHT69,PHN11_PHW65_0010/PHT69,WIPV17/30759,1,PHN11_PHW65,PHT69,9,18,2205,0.921125972
456,MIH119_2206,WIPV17/30833,PHN11_PHW65_0149/PHT69,PHN11_PHW65_0149/PHT69,WIPV17/30833,1,PHN11_PHW65,PHT69,10,18,2206,0.913065417
457,MIH119_2207,WIPV17/30922,PHN11_PHW65_0374/PHT69,PHN11_PHW65_0374/PHT69,WIPV17/30922,1,PHN11_PHW65,PHT69,11,18,2207,0.908572778
458,MIH119_2208,WIPV17/30868,PHN11_PHW65_0257/PHT69,PHN11_PHW65_0257/PHT69,WIPV17/30868,1,PHN11_PHW65,PHT69,12,18,2208,0.914375972
459,MIH119_2209,WIPV17/30359,PHN11_PHW65_0512/PHT69,PHN11_PHW65_0512/PHT69,WIPV17/30359,1,PHN11_PHW65,PHT69,13,18,2209,0.899109167
460,MIH119_2210,WIPV17/30763,PHN11_PHW65_0017/PHT69,PHN11_PHW65_0017/PHT69,WIPV17/30763,1,PHN11_PHW65,PHT69,14,18,2210,0.909833333
461,MIH119_2211,WIPV17/30880,PHN11_PHW65_0282/PHT69,PHN11_PHW65_0282/PHT69,WIPV17/30880,1,PHN11_PHW65,PHT69,15,18,2211,0.904847639
462,MIH119_2212,WIPV18/30631,PHN11_PHW65_0075/PHT69,PHN11_PHW65_0075/PHT69,WIPV17/30792,1,PHN11_PHW65,PHT69,16,18,2212,0.919559444
463,MIH119_2213,WIPV17/30766,PHN11_PHW65_0023/PHT69,PHN11_PHW65_0027/PHT69,WIPV17/30767,NA,PHN11_PHW65,PHT69,17,18,2213,0.928891667
464,MIH119_2214,WIPV17/30966,PHN11_PHW65_0604/PHT69,PHN11_PHW65_0639/PHT69,WIPV17/30971,NA,PHN11_PHW65,PHT69,18,18,2214,0.901518889
465,MIH119_2215,WIPV17/30961,PHN11_PHW65_0541/PHT69,PHN11_PHW65_0541/PHT69,WIPV17/30961,1,PHN11_PHW65,PHT69,19,18,2215,0.920943333
466,MIH119_2216,WIPV18/30449,PHN11_PHW65_0552/PHT69,PHN11_PHW65_0552/PHT69,WIPV17/30963,1,PHN11_PHW65,PHT69,20,18,2216,0.897090139
467,MIH119_2217,WIPV18/30540,PHN11_PHW65_0077/PHT69,PHN11_PHW65_0077/PHT69,WIPV17/30194,1,PHN11_PHW65,PHT69,21,18,2217,0.88631625
468,MIH119_2218,WIPV17/30841,PHN11_PHW65_0178/PHT69,PHN11_PHW65_0178/PHT69,WIPV17/30841,1,PHN11_PHW65,PHT69,22,18,2218,0.914248194
469,MIH119_2219,NA,B37/OH43,B14A/OH43,NA,NA,NA,NA,23,18,2219,0.916246528
470,MIH119_2220,WIPV17/30857,PHN11_PHW65_0224/PHT69,PHN11_PHW65_0224/PHT69,WIPV17/30857,1,PHN11_PHW65,PHT69,24,18,2220,0.908106111
471,MIH119_2221,NA,B37/H95,B14A/H95,NA,NA,NA,NA,25,18,2221,0.772951389
472,MIH119_2222,WIPV17/30211,PHN11_PHW65_0107/PHT69,PHN11_PHW65_0107/PHT69,WIPV17/30211,1,PHN11_PHW65,PHT69,26,18,2222,0.834078667
473,MIH119_2223,WIPV17/30826,PHN11_PHW65_0139/PHT69,PHN11_PHW65_0139/PHT69,WIPV17/30826,1,PHN11_PHW65,PHT69,27,18,2223,0.899131389
474,MIH119_2224,NA,CGR01/CG44,PHW52/PHN82,NA,NA,NA,NA,28,18,2224,0.9114875
475,MIH119_2225,WIPV17/30798,PHN11_PHW65_0084/PHT69,PHN11_PHW65_0084/PHT69,WIPV17/30798,1,PHN11_PHW65,PHT69,29,18,2225,0.882668611
476,MIH119_2226,WIPV17/30795,PHN11_PHW65_0079/PHT69,PHN11_PHW65_0079/PHT69,WIPV17/30795,1,PHN11_PHW65,PHT69,30,18,2226,0.875670556
477,MIH119_2227,WIPV17/30873,PHN11_PHW65_0267/PHT69,PHN11_PHW65_0267/PHT69,WIPV17/30873,1,PHN11_PHW65,PHT69,30,19,2227,0.905846389
478,MIH119_2228,WIPV18/30626,PHN11_PHW65_0190/PHT69,PHN11_PHW65_0190/PHT69,WIPV17/30246,1,PHN11_PHW65,PHT69,29,19,2228,0.926202361
479,MIH119_2229,WIPV17/30859,PHN11_PHW65_0227/PHT69,PHN11_PHW65_0227/PHT69,WIPV17/30859,1,PHN11_PHW65,PHT69,28,19,2229,0.916659167
480,MIH119_2230,WIPV17/30816,PHN11_PHW65_0117/PHT69,PHN11_PHW65_0117/PHT69,WIPV17/30816,1,PHN11_PHW65,PHT69,27,19,2230,0.897838889
481,MIH119_2231,WIPV17/30893,PHN11_PHW65_0310/PHT69,PHN11_PHW65_0310/PHT69,WIPV17/30893,1,PHN11_PHW65,PHT69,26,19,2231,0.831373333
482,MIH119_2232,WIPV17/30865,PHN11_PHW65_0250/PHT69,PHN11_PHW65_0250/PHT69,WIPV17/30865,1,PHN11_PHW65,PHT69,25,19,2232,0.894556944
483,MIH119_2233,WIPV17/30966,PHN11_PHW65_0604/PHT69,PHN11_PHW65_0663/PHT69,WIPV17/30972,NA,PHN11_PHW65,PHT69,24,19,2233,0.898549167
484,MIH119_2234,WIPV17/30876,PHN11_PHW65_0276/PHT69,PHN11_PHW65_0276/PHT69,WIPV17/30876,1,PHN11_PHW65,PHT69,23,19,2234,0.854391528
485,MIH119_2235,WIPV17/30341,PHN11_PHW65_0427/PHT69,PHN11_PHW65_0427/PHT69,WIPV17/30341,1,PHN11_PHW65,PHT69,22,19,2235,0.856888611
486,MIH119_2236,WIPV18/30532,PHN11_PHW65_0395/PHT69,PHN11_PHW65_0395/PHT69,WIPV17/30930,1,PHN11_PHW65,PHT69,21,19,2236,0.910513333
487,MIH119_2237,WIPV18/30566,PHN11_PHW65_0305/PHT69,PHN11_PHW65_0305/PHT69,WIPV17/30891,1,PHN11_PHW65,PHT69,20,19,2237,0.91671625
488,MIH119_2238,WIPV17/30230,PHN11_PHW65_0144/PHT69,PHN11_PHW65_0144/PHT69,WIPV17/30230,1,PHN11_PHW65,PHT69,19,19,2238,0.896417083
489,MIH119_2239,WIPV17/30966,PHN11_PHW65_0604/PHT69,PHN11_PHW65_0637/PHT69,WIPV17/30970,NA,PHN11_PHW65,PHT69,18,19,2239,0.832290972
490,MIH119_2240,WIPV18/30569,PHN11_PHW65_0168/PHT69,PHN11_PHW65_0168/PHT69,WIPV17/30838,1,PHN11_PHW65,PHT69,17,19,2240,0.897519861
491,MIH119_2241,WIPV17/30967,PHN11_PHW65_0612/PHT69,PHN11_PHW65_0612/PHT69,WIPV17/30967,1,PHN11_PHW65,PHT69,16,19,2241,0.876981667
492,MIH119_2242,WIPV17/30840,PHN11_PHW65_0176/PHT69,PHN11_PHW65_0176/PHT69,WIPV17/30840,1,PHN11_PHW65,PHT69,15,19,2242,0.912515417
493,MIH119_2243,WIPV17/30764,PHN11_PHW65_0021/PHT69,PHN11_PHW65_0022/PHT69,WIPV17/30765,NA,PHN11_PHW65,PHT69,14,19,2243,0.904604306
494,MIH119_2244,NA,PHW65/PHT69,PHW65/PHT69,NA,1,NA,PHT69,13,19,2244,0.899510556
495,MIH119_2245,WIPV18/30564,PHN11_PHW65_0059/PHT69,PHN11_PHW65_0059/PHT69,WIPV17/30779,1,PHN11_PHW65,PHT69,12,19,2245,0.925383333
496,MIH119_2246,NA,PHN11/PHT69,PHN11/PHT69,NA,1,NA,PHT69,11,19,2246,0.9033625
497,MIH119_2247,WIPV17/30916,PHN11_PHW65_0358/PHT69,PHN11_PHW65_0358/PHT69,WIPV17/30916,1,PHN11_PHW65,PHT69,10,19,2247,0.911741667
498,MIH119_2248,WIPV17/30874,PHN11_PHW65_0274/PHT69,PHN11_PHW65_0275/PHT69,WIPV17/30875,NA,PHN11_PHW65,PHT69,9,19,2248,0.913868333
499,MIH119_2249,WIPV17/30939,PHN11_PHW65_0423/PHT69,PHN11_PHW65_0423/PHT69,WIPV17/30939,1,PHN11_PHW65,PHT69,8,19,2249,0.928380139
500,MIH119_2250,WIPV18/30604,PHN11_PHW65_0279/PHT69,PHN11_PHW65_0279/PHT69,WIPV17/30879,1,PHN11_PHW65,PHT69,7,19,2250,0.901818333
